has_secondary_education,has_higher_education,work_experience,master_id,rang_id,docs_verified,guarantee,rating,reviews_count,price_socket,discount,cur_score,album_count,photos_count,no_electric_reviews,few_electric_reviews,has_contract,has_insurance,months_on_profi_ru
1,0,7.0,https://profi.ru/profile/AbdullinAA22/,110.0,1,0,0,0,,,50.6792335,0,0,0.0,0.0,0,0,11.0
1,0,8.0,https://profi.ru/profile/AbdullinAM9/,158.0,1,0,0,0,,,50.70067066666667,0,7,0.0,0.0,0,0,18.0
1,0,6.0,https://profi.ru/profile/AbdullinAN2/,131.0,1,0,"4,73",15,,,50.76118,0,2,0.0,1.0,0,0,67.0
0,1,,https://profi.ru/profile/AbdullinLR/,39.0,1,0,"5,0",3,,,50.500441333333335,0,0,0.0,0.0,0,0,
1,0,7.0,https://profi.ru/profile/AbrashevYI/,85.0,1,0,0,0,,,50.7820325,0,0,0.0,0.0,0,0,
0,0,2.0,https://profi.ru/profile/AgliulinFR/,114.0,1,0,"5,0",1,,,50.7512952,0,0,0.0,0.0,0,0,27.0
0,0,,https://profi.ru/profile/AhmadeevAA4/,126.0,1,0,"5,0",5,,,50.707553,0,5,0.0,0.0,0,0,
0,0,,https://profi.ru/profile/AhmetshinIA/,110.0,1,0,"5,0",3,,,50.57070944444445,0,8,0.0,0.0,0,0,92.0
1,0,19.0,https://profi.ru/profile/AkhmadeyevMA/,43.0,0,0,"5,0",67,,,50.535154125,0,23,0.0,0.0,0,0,28.0
1,0,5.0,https://profi.ru/profile/AkhmadullinAR8/,40.0,1,0,0,0,,,50.90388,0,0,0.0,0.0,0,0,2.0
0,1,18.0,https://profi.ru/profile/AkhmetgareyevAN/,206.0,1,0,0,0,,,50.5527,0,14,0.0,0.0,0,0,
1,0,7.0,https://profi.ru/profile/AkhmetkhanovRG/,156.0,1,0,0,0,,,50.60901,0,0,0.0,0.0,0,0,6.0
1,0,2.0,https://profi.ru/profile/AkhmetzyanovII4/,100.0,1,0,"5,0",1,,,50.78668,0,0,0.0,0.0,0,0,22.0
1,0,,https://profi.ru/profile/AkhmetzyanovRR13/,115.0,1,0,"4,67",9,,15.0,50.76996414285714,0,0,1.0,0.0,0,0,
0,0,,https://profi.ru/profile/AkhtariyevRF/,138.0,1,0,"5,0",1,,,50.51267325,0,0,0.0,0.0,0,0,24.0
0,1,,https://profi.ru/profile/AlayevIN/,153.0,1,0,"5,0",8,,20.0,50.746927,0,0,0.0,0.0,0,0,
0,1,,https://profi.ru/profile/AleksandrovVV80/,121.0,1,0,"3,0",1,,15.0,50.71756333333334,2,0,0.0,0.0,0,0,
1,0,5.0,https://profi.ru/profile/AlekseevAA190/,182.0,1,0,"5,0",2,,,50.502674818181816,0,20,0.0,0.0,0,0,66.0
0,0,8.0,https://profi.ru/profile/AlekseyevaIA21/,118.0,1,0,"5,0",9,,,50.5390814,0,1,1.0,0.0,0,0,
1,0,7.0,https://profi.ru/profile/AlimgulovIZ/,90.0,1,0,"5,0",3,,,50.76702433333333,0,0,0.0,0.0,0,0,
0,1,10.0,https://profi.ru/profile/AlimovAA/,4.0,1,12,"4,99",616,,10.0,70.13721541666666,0,1,0.0,0.0,0,0,
1,0,23.0,https://profi.ru/profile/AlimovRY/,117.0,1,0,"5,0",2,,5.0,50.7559035,0,0,0.0,0.0,0,0,
1,0,7.0,https://profi.ru/profile/AmbaryanRV/,147.0,1,0,0,0,,,50.68337266666666,0,0,0.0,0.0,0,0,9.0
0,0,28.0,https://profi.ru/profile/AmerhanovRR/,84.0,0,0,"4,78",23,,,50.697867,0,4,0.0,1.0,0,0,
1,0,2.0,https://profi.ru/profile/AminevAM8/,126.0,1,0,"4,43",7,,,50.57290925,0,2,1.0,0.0,0,0,21.0
0,0,,https://profi.ru/profile/AmirkhanovFI/,189.0,1,0,"4,50",2,,,50.33364,0,5,0.0,0.0,0,0,54.0
1,0,7.0,https://profi.ru/profile/AndreyLO/,102.0,1,0,0,0,,,50.8071685,0,0,0.0,0.0,0,0,7.0
1,0,1.0,https://profi.ru/profile/AndreyevSY12/,29.0,1,0,"5,0",4,,,50.93858,0,1,0.0,0.0,0,0,15.0
0,0,2.0,https://profi.ru/profile/AndreyevVD10/,146.0,1,0,"5,0",2,,,50.64421316666667,0,0,0.0,0.0,0,0,17.0
1,0,8.0,https://profi.ru/profile/AndryashinVA/,78.0,1,0,"4,96",100,,100.0,50.782679,5,0,0.0,1.0,0,0,
0,1,7.0,https://profi.ru/profile/AnikinVV2/,78.0,1,0,0,0,,,50.711742,0,0,0.0,0.0,0,0,
0,1,2.0,https://profi.ru/profile/AnisimovIP2/,69.0,1,0,0,0,,,50.716845,0,0,0.0,0.0,0,0,
0,1,28.0,https://profi.ru/profile/AnoshinVA6/,86.0,0,0,"5,0",3,,5.0,50.7833994,0,1,0.0,0.0,0,0,
0,0,18.0,https://profi.ru/profile/ArifovAM/,110.0,1,0,0,0,,10.0,50.671356,0,2,0.0,0.0,0,0,4.0
1,0,14.0,https://profi.ru/profile/ArtemyevNA3/,21.0,1,0,"4,63",16,,,50.969334,0,1,1.0,0.0,0,0,44.0
1,0,5.0,https://profi.ru/profile/ArtemyevYA7/,106.0,1,0,"5,0",12,,,50.593211,0,0,0.0,0.0,0,0,21.0
1,0,4.0,https://profi.ru/profile/AsadovNK/,135.0,1,0,"4,95",39,,,50.679493,1,0,0.0,0.0,0,0,45.0
1,0,6.0,https://profi.ru/profile/AsadullinRR6/,80.0,1,0,"4,88",185,,5.0,50.5418,3,20,0.0,0.0,0,0,
1,0,8.0,https://profi.ru/profile/AsatovAA5/,30.0,1,0,"5,0",52,,,50.5598845,0,0,0.0,0.0,0,0,
1,1,10.0,https://profi.ru/profile/AskarovAN5/,106.0,1,0,0,0,,,50.7695406,0,0,0.0,0.0,0,0,
1,0,12.0,https://profi.ru/profile/AsylovDR2/,94.0,1,0,0,0,,,50.76583025,0,0,0.0,0.0,0,0,
0,1,6.0,https://profi.ru/profile/AvzalovRR3/,78.0,1,0,"5,0",6,,,50.669455,0,0,1.0,0.0,0,0,
1,0,4.0,https://profi.ru/profile/AyzatullinII/,48.0,1,0,"4,85",39,,,50.85519,1,8,0.0,0.0,0,0,43.0
0,0,4.0,https://profi.ru/profile/AzimbetovSS/,160.0,1,0,"5,0",16,,,50.689771500000006,0,0,0.0,0.0,0,0,54.0
1,0,1.0,https://profi.ru/profile/AzimovAG12/,159.0,1,0,0,0,,,50.709405333333336,0,0,0.0,0.0,0,0,15.0
1,0,7.0,https://profi.ru/profile/BabushkinDA/,102.0,1,0,"5,0",6,1500.0,,50.53023877777778,0,0,0.0,1.0,0,0,92.0
1,0,4.0,https://profi.ru/profile/BagautdinovRF3/,119.0,1,0,"4,87",15,,,50.62315925,0,11,0.0,0.0,0,0,54.0
0,0,,https://profi.ru/profile/BalevAA/,192.0,1,0,"5,0",1,,,50.33116,0,0,0.0,0.0,0,0,10.0
1,0,7.0,https://profi.ru/profile/BalilovIS/,110.0,1,0,0,0,,,50.675608,0,0,0.0,0.0,0,0,7.0
0,1,7.0,https://profi.ru/profile/BarabanovAV5/,153.0,1,12,"5,0",16,,,50.6797234,0,1,0.0,1.0,0,0,86.0
1,0,8.0,https://profi.ru/profile/BarytkoNO2/,156.0,1,0,"5,0",3,1500.0,,50.754019666666665,1,7,0.0,0.0,0,0,
0,1,14.0,https://profi.ru/profile/BashkinMG/,113.0,0,0,"4,72",141,,100.0,50.80006,9,50,0.0,0.0,1,0,
1,0,7.0,https://profi.ru/profile/BasyrovDS/,196.0,1,0,"4,73",15,,,50.80002,0,0,0.0,1.0,0,0,13.0
0,0,,https://profi.ru/profile/BatalovII2/,53.0,1,0,"5,0",5,,10.0,50.748476,0,4,1.0,0.0,0,0,39.0
1,0,4.0,https://profi.ru/profile/BatanevMA/,144.0,1,0,"4,90",29,,,50.539155375,5,94,0.0,0.0,1,0,52.0
1,0,7.0,https://profi.ru/profile/BaykhanovVY/,144.0,0,0,"5,0",10,,,50.631763,0,0,1.0,0.0,0,0,9.0
0,1,,https://profi.ru/profile/BazikeyevRA/,56.0,1,0,"5,0",10,,,50.5903915,0,15,0.0,0.0,0,0,
0,0,,https://profi.ru/profile/BemshlagAV/,140.0,1,0,"5,0",5,500.0,,50.71034275,0,0,0.0,1.0,0,0,
0,0,8.0,https://profi.ru/profile/BerezhnovMY/,129.0,1,0,0,0,,,50.7648428,0,0,0.0,0.0,0,0,46.0
1,0,5.0,https://profi.ru/profile/BeytsRA/,71.0,1,0,0,0,,,50.8033365,0,0,0.0,0.0,0,0,3.0
1,0,5.0,https://profi.ru/profile/BezzubovVP/,117.0,1,0,"5,0",1,,,50.51719088888889,0,0,0.0,0.0,0,0,3.0
0,1,10.0,https://profi.ru/profile/BikkininAI/,114.0,1,0,"4,75",4,1000.0,,50.76095,0,5,0.0,0.0,0,0,
0,0,6.0,https://profi.ru/profile/BikkininIG/,114.0,1,0,"4,33",6,,,50.75931375,7,7,1.0,0.0,0,0,84.0
0,0,9.0,https://profi.ru/profile/BikmukhametovLR/,117.0,1,0,"5,0",9,1500.0,,50.7749632,2,16,0.0,0.0,0,0,
0,0,4.0,https://profi.ru/profile/BikulovEN/,69.0,1,0,"5,0",13,,,50.58703522222223,0,5,0.0,1.0,0,0,47.0
1,0,20.0,https://profi.ru/profile/BildanovIM/,46.0,1,0,0,0,,,50.7458575,0,2,0.0,0.0,0,0,19.0
0,0,,https://profi.ru/profile/BildanovNR/,144.0,1,0,"5,0",7,,,50.696418666666666,1,0,1.0,0.0,0,0,32.0
1,0,7.0,https://profi.ru/profile/BitkulovAI/,94.0,1,0,"5,0",2,,,50.80374866666667,0,2,0.0,0.0,0,0,78.0
1,0,10.0,https://profi.ru/profile/BlotskiiEB/,162.0,1,0,"4,75",8,300.0,,50.568293,0,0,0.0,0.0,0,0,68.0
1,1,17.0,https://profi.ru/profile/BoboyevSA6/,127.0,1,0,"4,78",36,,,50.7718218,6,71,0.0,0.0,0,0,
1,0,5.0,https://profi.ru/profile/BobrovIV5/,86.0,1,0,0,0,,,50.778995,0,0,0.0,0.0,0,0,62.0
1,0,7.0,https://profi.ru/profile/BoldyrevDM/,130.0,1,0,"5,0",6,,,50.77070125,0,2,0.0,0.0,0,0,
1,0,5.0,https://profi.ru/profile/BorisovAA84/,154.0,1,0,"5,0",3,,,50.622902,0,0,0.0,0.0,0,0,63.0
1,0,6.0,https://profi.ru/profile/BorodinMV2/,122.0,1,0,"3,50",2,,,50.57400033333334,0,0,0.0,0.0,0,0,76.0
0,1,,https://profi.ru/profile/BoykoYN11/,156.0,1,0,0,0,,,50.63393666666667,0,0,0.0,0.0,0,0,
1,0,10.0,https://profi.ru/profile/BozorovSZ/,96.0,1,0,"5,0",10,,,50.60411025,1,52,0.0,0.0,0,0,
1,0,12.0,https://profi.ru/profile/BraunAI6/,121.0,1,0,0,0,,,50.784744,0,0,0.0,0.0,0,0,5.0
0,1,5.0,https://profi.ru/profile/BulatovRK6/,93.0,1,0,"5,0",4,,,50.76112666666666,0,0,0.0,0.0,0,0,
0,0,31.0,https://profi.ru/profile/BulyginAP/,43.0,1,0,"4,92",72,,,50.800779000000006,0,0,0.0,1.0,0,0,
0,1,0.0,https://profi.ru/profile/BurenkovVA3/,152.0,1,0,0,0,,,50.671979,0,0,0.0,0.0,0,0,
1,0,4.0,https://profi.ru/profile/BurhanovII2/,6.0,1,0,"5,0",37,100.0,,50.64850591666666,0,0,1.0,0.0,0,0,56.0
1,0,7.0,https://profi.ru/profile/BurkhanovFZ/,106.0,1,0,0,0,,5.0,50.7568265,0,5,0.0,0.0,0,0,11.0
1,0,7.0,https://profi.ru/profile/ButakovIN/,135.0,1,0,"4,82",100,,,50.5610168,0,0,0.0,0.0,0,0,85.0
1,0,8.0,https://profi.ru/profile/ButyntsevAA/,48.0,1,0,"5,0",6,,,50.887352,0,0,1.0,0.0,0,0,88.0
0,1,13.0,https://profi.ru/profile/BystrovAF/,150.0,1,0,"5,0",1,,,50.7501545,0,2,0.0,0.0,0,0,
1,0,12.0,https://profi.ru/profile/ChakhalyanPV/,96.0,1,0,0,0,,10.0,50.706465,0,1,0.0,0.0,0,0,51.0
1,0,7.0,https://profi.ru/profile/ChebyshevGA/,40.0,1,0,0,0,,,50.826890000000006,0,0,0.0,0.0,0,0,1.0
0,1,5.0,https://profi.ru/profile/ChernovEI4/,136.0,0,0,"4,74",31,500.0,,50.578638833333336,2,14,0.0,1.0,1,0,
0,1,,https://profi.ru/profile/ChervyakovAS8/,99.0,1,0,0,0,,,50.7728534,0,0,0.0,0.0,0,0,
1,0,7.0,https://profi.ru/profile/ChibrakovAN/,164.0,1,0,0,0,,,50.628717,1,0,0.0,0.0,0,0,6.0
1,0,26.0,https://profi.ru/profile/ChindinVI/,128.0,1,0,"5,0",4,,,50.70840833333333,1,1,0.0,0.0,0,0,
1,0,5.0,https://profi.ru/profile/ChuklovEV/,50.0,1,0,"4,84",99,,,50.831025,0,0,0.0,0.0,0,0,
1,0,23.0,https://profi.ru/profile/DavletbaevTK2/,122.0,1,0,0,0,,,50.7760905,0,1,0.0,0.0,0,0,
0,0,,https://profi.ru/profile/DavletovDF2/,98.0,1,0,"4,0",4,,,50.48896628571429,0,3,0.0,0.0,0,0,42.0
0,0,20.0,https://profi.ru/profile/DavletshinDT/,108.0,1,0,0,0,,,50.7720296,0,0,0.0,0.0,0,0,1.0
1,0,,https://profi.ru/profile/DavletshinIF5/,189.0,1,0,0,0,,,50.44743,0,0,0.0,0.0,0,0,
0,0,,https://profi.ru/profile/DavlitovBM2/,130.0,0,24,0,0,,,50.7539856,0,0,0.0,0.0,0,0,7.0
0,1,11.0,https://profi.ru/profile/DavlyatovRR3/,88.0,1,0,"5,0",5,,,50.5266725,0,0,1.0,0.0,0,0,
0,0,,https://profi.ru/profile/DayanovVI/,80.0,1,0,"5,0",1,,,50.69053,2,4,0.0,0.0,0,0,28.0
0,1,4.0,https://profi.ru/profile/DaylizhlLA/,151.0,1,0,"5,0",1,,,50.48062766666666,0,2,0.0,0.0,0,0,
1,0,8.0,https://profi.ru/profile/DemyanovVV3/,132.0,1,0,"4,98",145,,10.0,50.54456781818181,0,21,0.0,0.0,0,0,
1,0,7.0,https://profi.ru/profile/DimitriyevSA2/,135.0,1,0,"5,0",10,,,50.48748057142858,0,0,0.0,0.0,0,0,3.0
0,0,,https://profi.ru/profile/DimiyevAA/,158.0,1,0,0,0,300.0,,50.63205666666666,0,8,0.0,0.0,0,0,
0,0,12.0,https://profi.ru/profile/DmitriyR2/,120.0,0,0,0,0,,,50.746039,0,6,0.0,0.0,0,0,
1,0,7.0,https://profi.ru/profile/DmitriyevRS7/,157.0,1,0,0,0,,,50.670793333333336,0,0,0.0,0.0,0,0,4.0
1,0,20.0,https://profi.ru/profile/DoizhaDS/,184.0,0,0,"4,82",34,350.0,,50.5474006,0,2,0.0,1.0,0,0,
1,0,2.0,https://profi.ru/profile/DorofeyevDV10/,152.0,1,0,0,0,,,50.6435235,0,0,0.0,0.0,0,0,20.0
0,0,,https://profi.ru/profile/DorogovAV2/,133.0,1,0,"5,0",4,,,50.47880966666666,0,0,0.0,0.0,0,0,3.0
0,1,,https://profi.ru/profile/DunayevAY4/,169.0,1,0,0,0,,,50.625191666666666,0,0,0.0,0.0,0,0,
1,0,39.0,https://profi.ru/profile/DyachkovNA3/,100.0,1,0,"4,69",26,,,50.748548,0,0,0.0,0.0,0,0,
0,0,,https://profi.ru/profile/DzhurayevPZ/,90.0,1,0,"5,0",11,,,50.56623277777778,4,16,0.0,1.0,0,0,15.0
1,0,5.0,https://profi.ru/profile/EfimovAS25/,118.0,1,0,"5,0",28,,,50.755886,0,0,0.0,1.0,0,0,63.0
1,0,7.0,https://profi.ru/profile/EgorovAA80/,150.0,1,0,"4,27",11,,,50.5535277,0,0,1.0,0.0,0,0,79.0
0,0,5.0,https://profi.ru/profile/EgorovAS58/,142.0,1,0,"5,0",3,,,50.46799014285715,5,0,0.0,0.0,0,0,67.0
1,0,19.0,https://profi.ru/profile/ElaginRA2/,120.0,1,0,0,0,,,50.48919375,0,0,0.0,0.0,0,0,
1,0,7.0,https://profi.ru/profile/ElektrikaNI/,148.0,1,0,0,0,,,50.72624,0,0,0.0,0.0,0,0,
1,0,18.0,https://profi.ru/profile/EsenbaevMB/,102.0,0,24,"4,97",142,,,50.56883545454546,0,44,0.0,0.0,1,0,
1,0,26.0,https://profi.ru/profile/FahrievLD/,110.0,0,12,"4,98",46,,100.0,50.5956796,0,10,0.0,1.0,0,0,
1,0,6.0,https://profi.ru/profile/FahrutdinovDS/,128.0,1,0,"5,0",1,,,50.7573595,0,162,0.0,0.0,0,0,89.0
0,0,6.0,https://profi.ru/profile/FahrutdinovRN/,62.0,1,0,"5,0",1,,,50.7215765,0,0,0.0,0.0,0,0,73.0
0,0,,https://profi.ru/profile/FalaleyevII2/,34.0,1,0,"5,0",4,,,50.91473,0,0,0.0,0.0,0,0,2.0
1,1,10.0,https://profi.ru/profile/FalyakhovLV2/,167.0,1,0,"5,0",8,,,50.67436,0,4,0.0,0.0,0,0,
1,0,12.0,https://profi.ru/profile/FaskhutdinovFS/,50.0,1,0,"5,0",1,,,50.74732,0,3,0.0,0.0,0,0,
1,0,7.0,https://profi.ru/profile/FatkullinAF2/,118.0,1,0,"4,97",646,,,50.573037,0,1,0.0,0.0,0,0,
0,1,12.0,https://profi.ru/profile/FattakhovAR3/,84.0,0,1,"4,78",9,,20.0,50.717633,0,0,1.0,0.0,1,0,9.0
0,1,18.0,https://profi.ru/profile/FattakhovBF/,40.0,1,0,0,0,,,50.812740000000005,0,0,0.0,0.0,0,0,
0,1,12.0,https://profi.ru/profile/FatyhovAZ/,106.0,0,0,"4,25",4,,,50.57937472727272,0,0,0.0,0.0,0,0,
1,0,7.0,https://profi.ru/profile/FatykhovEN/,91.0,1,0,0,0,,5.0,50.7759624,0,0,0.0,0.0,0,0,1.0
1,0,4.0,https://profi.ru/profile/FatykhovRR3/,177.0,1,0,"3,0",1,,,50.622092,0,0,0.0,0.0,0,0,47.0
1,0,7.0,https://profi.ru/profile/FatykhovZZ/,151.0,1,0,0,0,,,50.62516,0,10,0.0,0.0,0,0,4.0
1,0,7.0,https://profi.ru/profile/FayzrakhmanovAR/,162.0,1,0,"5,0",8,,,50.673502,0,9,0.0,0.0,0,0,19.0
1,0,7.0,https://profi.ru/profile/FayzullinAR15/,52.0,1,0,"5,0",1,,,50.7792915,0,0,0.0,0.0,0,0,7.0
1,0,7.0,https://profi.ru/profile/FayzullinRD/,50.0,1,0,0,0,,,50.840065,0,0,0.0,0.0,0,0,6.0
0,1,,https://profi.ru/profile/FayzullinRI2/,138.0,1,0,"5,0",1,,,50.697307333333335,0,0,0.0,0.0,0,0,
0,1,25.0,https://profi.ru/profile/FazylovLZ/,186.0,1,0,0,0,,,50.632015,0,0,0.0,0.0,0,0,
1,0,7.0,https://profi.ru/profile/FedorovII24/,54.0,1,0,"5,0",2,,,50.7781965,0,0,0.0,0.0,0,0,
0,0,,https://profi.ru/profile/FedorovRV39/,57.0,1,0,0,0,,,50.865704666666666,0,0,0.0,0.0,0,0,2.0
1,0,2.0,https://profi.ru/profile/FedorovskiyMV/,141.0,1,0,"5,0",1,,,50.45247475,0,0,0.0,0.0,0,0,25.0
1,0,,https://profi.ru/profile/FidanNF/,125.0,1,0,0,0,,,50.46321014285714,0,1,0.0,0.0,0,0,
1,0,7.0,https://profi.ru/profile/FilippovMZ/,122.0,1,0,0,0,,,50.785259,0,0,0.0,0.0,0,0,6.0
1,0,7.0,https://profi.ru/profile/FokeyevAA5/,135.0,1,0,"5,0",18,350.0,,50.4562495,6,5,1.0,0.0,0,0,18.0
1,0,5.0,https://profi.ru/profile/FomichevDA5/,110.0,1,0,"4,71",95,,,50.776832000000006,0,0,0.0,1.0,0,0,60.0
1,0,,https://profi.ru/profile/FyatkhRT/,142.0,1,0,"5,0",2,,,50.749527666666665,0,0,0.0,0.0,0,0,53.0
0,0,,https://profi.ru/profile/GabdrakhmanovAR8/,89.0,1,0,0,0,500.0,,50.7914766,2,0,0.0,0.0,0,0,
0,1,3.0,https://profi.ru/profile/GabdrakhmanovEI/,65.0,1,0,"5,0",23,,,50.794984,0,1,1.0,0.0,0,0,43.0
1,0,7.0,https://profi.ru/profile/GabdurakhmanovRV/,156.0,1,0,"5,0",2,,,50.73702,0,0,0.0,0.0,0,0,7.0
0,1,,https://profi.ru/profile/GabishevAA2/,141.0,1,0,0,0,,,50.7439356,0,0,0.0,0.0,0,0,
1,0,20.0,https://profi.ru/profile/GabitovRR3/,133.0,1,0,"5,0",6,,,50.5064606,0,1,1.0,0.0,0,0,85.0
0,1,3.0,https://profi.ru/profile/GabsalyamovLI/,54.0,1,0,0,0,,,50.749428,0,0,0.0,0.0,0,0,
1,0,10.0,https://profi.ru/profile/GafarovIE2/,107.0,1,0,"5,0",3,500.0,,50.658007,0,49,0.0,0.0,0,0,
1,0,5.0,https://profi.ru/profile/GaffarovRR4/,155.0,1,0,"5,0",3,,,50.679314,0,7,0.0,0.0,0,0,66.0
0,1,,https://profi.ru/profile/GafiatullinRR/,150.0,1,0,"5,0",13,,,50.68264333333334,6,0,1.0,0.0,0,0,
1,0,24.0,https://profi.ru/profile/GafiyatulinII/,167.0,1,0,0,0,500.0,,50.4369465,0,0,0.0,0.0,0,0,
1,0,7.0,https://profi.ru/profile/GafurovAT12/,87.0,1,0,0,0,250.0,,50.854767,0,0,0.0,0.0,0,0,5.0
1,0,7.0,https://profi.ru/profile/GafurovIT4/,20.0,1,0,0,0,,,50.970493,0,0,0.0,0.0,0,0,3.0
1,0,7.0,https://profi.ru/profile/GainullinDV/,96.0,0,0,"3,0",2,,,50.687958,0,1,0.0,0.0,0,0,87.0
1,0,15.0,https://profi.ru/profile/GaisinRSh/,68.0,1,0,0,0,,,50.7974285,0,0,0.0,0.0,0,0,
0,0,,https://profi.ru/profile/GakhramanovRG/,94.0,1,0,0,0,,,50.7894,0,4,0.0,0.0,0,0,6.0
1,0,7.0,https://profi.ru/profile/GaleevNF/,125.0,1,0,"4,55",11,,,50.49689357142857,0,0,0.0,1.0,0,0,
1,0,25.0,https://profi.ru/profile/GalimomRR/,7.0,0,0,"4,50",18,,,50.6419005,0,8,1.0,0.0,0,0,
0,1,18.0,https://profi.ru/profile/GalimovAA13/,129.0,1,0,"5,0",16,,,50.53912428571429,0,7,0.0,0.0,0,0,
1,0,8.0,https://profi.ru/profile/GalimovRS7/,92.0,1,0,0,0,,,50.7785095,0,6,0.0,0.0,0,0,3.0
0,0,,https://profi.ru/profile/GalimullinNN2/,58.0,1,0,"5,0",17,,,50.80014,0,0,0.0,0.0,0,0,
1,0,7.0,https://profi.ru/profile/GalimullinRR8/,74.0,1,0,"5,0",17,,,50.544675,6,15,0.0,0.0,0,0,
0,0,,https://profi.ru/profile/GaliulinRG3/,59.0,0,0,"5,0",2,,,50.7214325,0,0,0.0,0.0,0,0,5.0
0,0,11.0,https://profi.ru/profile/GaliullinAI7/,137.0,0,0,"5,0",5,,,50.473871,0,0,0.0,1.0,0,0,
0,1,10.0,https://profi.ru/profile/GaliullinDA/,165.0,1,0,0,0,,5.0,50.62915133333333,0,9,0.0,0.0,0,0,
1,0,7.0,https://profi.ru/profile/GaliullinRT4/,143.0,1,0,0,0,,,50.69385,0,0,0.0,0.0,0,0,1.0
1,0,7.0,https://profi.ru/profile/GaliullovRG/,80.0,1,0,0,0,,,50.721985,0,0,0.0,0.0,0,0,4.0
0,1,4.0,https://profi.ru/profile/GaliyevII5/,52.0,1,0,0,0,,,50.8131395,0,3,0.0,0.0,0,0,
0,0,15.0,https://profi.ru/profile/GallyamovIG/,79.0,1,0,"5,0",7,500.0,,50.47737228571429,0,1,0.0,1.0,0,0,29.0
1,0,7.0,https://profi.ru/profile/GallyamovII3/,135.0,1,0,"5,0",1,,,50.74901275,0,0,0.0,0.0,0,0,16.0
0,1,13.0,https://profi.ru/profile/GalumyanAV/,114.0,1,0,"4,95",501,,,50.59001175,6,8,0.0,0.0,0,0,
1,0,7.0,https://profi.ru/profile/GalyaletdinovFF/,149.0,1,0,0,0,,,50.6999,0,8,0.0,0.0,0,0,4.0
1,0,7.0,https://profi.ru/profile/GalyautdinovIN/,158.0,1,0,"5,0",1,,,50.670793333333336,0,0,0.0,0.0,0,0,13.0
1,0,7.0,https://profi.ru/profile/GaniyevII5/,81.0,1,0,0,0,,,50.7980955,0,0,0.0,0.0,0,0,17.0
1,0,5.0,https://profi.ru/profile/GanskiiVV/,94.0,1,0,"5,0",27,,,50.5207774,0,0,0.0,1.0,0,0,68.0
0,0,5.0,https://profi.ru/profile/GarafutdinovRR3/,134.0,1,0,"4,98",41,,,50.48202488888889,6,3,0.0,0.0,0,0,59.0
1,0,5.0,https://profi.ru/profile/GareishinAA2/,132.0,0,0,"5,0",5,,10.0,50.76164416666666,0,12,0.0,0.0,1,0,56.0
0,1,9.0,https://profi.ru/profile/GarifulinE-/,88.0,1,0,"4,96",340,,,50.480551142857145,0,8,0.0,0.0,0,0,
0,1,8.0,https://profi.ru/profile/GarifullinAF9/,76.0,1,0,"5,0",2,,,50.7858435,0,0,0.0,0.0,0,0,
1,0,5.0,https://profi.ru/profile/GarifullinDD/,104.0,1,0,0,0,,,50.682837,0,0,0.0,0.0,0,0,3.0
1,0,8.0,https://profi.ru/profile/GarifullinDY/,131.0,1,0,"5,0",1,,,50.502558,0,0,0.0,0.0,0,0,10.0
1,0,7.0,https://profi.ru/profile/GarifullinRA/,122.0,1,0,"5,0",3,,,50.6836232,0,8,0.0,0.0,0,0,88.0
1,0,7.0,https://profi.ru/profile/GarifullinRI4/,87.0,1,0,0,0,,,50.60343866666667,0,0,0.0,0.0,0,0,14.0
1,0,2.0,https://profi.ru/profile/GaripovIR8/,136.0,1,0,"5,0",2,,,50.55564763636364,0,0,0.0,0.0,0,0,23.0
1,0,7.0,https://profi.ru/profile/GaripovRA4/,114.0,1,0,"5,0",3,,,50.70009675,0,0,0.0,0.0,0,0,85.0
0,0,3.0,https://profi.ru/profile/GaripovRG6/,38.0,1,0,"4,99",394,,,50.542251,0,4,0.0,0.0,0,0,45.0
1,0,8.0,https://profi.ru/profile/GaripovRM5/,127.0,1,0,"5,0",2,,,50.57961909090909,0,0,0.0,0.0,0,0,21.0
1,0,12.0,https://profi.ru/profile/GaripovRR23/,89.0,1,0,"3,67",9,,,50.72342766666666,0,1,0.0,0.0,0,0,69.0
1,0,5.0,https://profi.ru/profile/GaripovRR56/,135.0,1,0,"5,0",2,,,50.7465706,0,0,0.0,0.0,0,0,2.0
1,0,7.0,https://profi.ru/profile/GarkavyySA/,52.0,1,0,"5,0",3,,,50.774127,0,0,0.0,0.0,0,0,7.0
0,0,5.0,https://profi.ru/profile/GataullinAI2/,54.0,1,0,"5,0",8,500.0,,50.540494,0,0,1.0,0.0,0,0,10.0
1,0,24.0,https://profi.ru/profile/GataullinAI3/,141.0,1,0,"4,75",4,,,50.7590046,0,11,0.0,0.0,0,0,
1,0,9.0,https://profi.ru/profile/GatinRR6/,38.0,1,0,0,0,,,50.909595,0,0,0.0,0.0,0,0,6.0
0,1,17.0,https://profi.ru/profile/GavrilenkoMI3/,34.0,0,0,"4,90",20,,10.0,50.59485955555556,1,24,0.0,1.0,0,0,
1,0,4.0,https://profi.ru/profile/GavrilovAA76/,86.0,1,0,"4,50",8,,,50.6716515,0,0,0.0,0.0,0,0,45.0
0,1,9.0,https://profi.ru/profile/GayanovRT/,136.0,1,0,"4,81",16,600.0,10.0,50.59812883333333,0,12,0.0,0.0,0,0,
0,1,20.0,https://profi.ru/profile/GayazovaZI/,142.0,1,0,"5,0",2,,,50.3810725,0,0,0.0,0.0,0,0,
1,0,2.0,https://profi.ru/profile/GaynullinAR5/,124.0,1,0,0,0,,,50.75752166666666,0,0,0.0,0.0,0,0,20.0
1,0,5.0,https://profi.ru/profile/GaynullinII2/,147.0,1,0,"4,80",20,,,50.510323875,0,9,0.0,0.0,0,0,30.0
1,0,7.0,https://profi.ru/profile/GaynullinLA/,146.0,1,0,0,0,,,50.69953266666666,0,0,0.0,0.0,0,0,13.0
0,0,,https://profi.ru/profile/GaysinRD/,25.0,1,0,0,0,,,50.957493,0,0,0.0,0.0,0,0,1.0
1,0,7.0,https://profi.ru/profile/GerasimovPV7/,2.0,1,0,"5,0",2,600.0,,70.368218125,0,0,0.0,0.0,0,0,8.0
1,0,7.0,https://profi.ru/profile/GetmanPV2/,68.0,1,0,"5,0",1,,,50.5884066,0,0,0.0,0.0,0,0,1.0
1,0,12.0,https://profi.ru/profile/GibadullinIR2/,137.0,1,0,"5,0",1,,10.0,50.687688,0,7,0.0,0.0,0,0,
0,1,,https://profi.ru/profile/GilemhanovFA/,110.0,1,0,"4,91",11,400.0,10.0,50.7345855,2,0,0.0,1.0,0,0,
1,1,7.0,https://profi.ru/profile/GilmanovRF3/,78.0,1,0,"5,0",2,,,50.60828190909091,12,96,0.0,0.0,0,0,
0,0,,https://profi.ru/profile/GilmanovaMS2/,100.0,0,0,"5,0",1,1000.0,,50.45607142857143,0,0,0.0,0.0,0,0,6.0
0,0,6.0,https://profi.ru/profile/GilmutdinovIN2/,104.0,1,0,"5,0",43,,,50.7419575,0,0,0.0,0.0,0,0,
1,0,6.0,https://profi.ru/profile/GilmutdinovMA2/,124.0,1,0,"4,21",14,,10.0,50.69751971428571,0,1,0.0,0.0,0,0,
1,0,1.0,https://profi.ru/profile/GilyazovSR2/,149.0,1,0,"5,0",1,,,50.6533815,0,10,0.0,0.0,0,0,16.0
1,0,24.0,https://profi.ru/profile/GimadievRR3/,56.0,1,0,"5,0",1,,,50.70638,0,1,0.0,0.0,0,0,
1,0,5.0,https://profi.ru/profile/GimaldinovIA/,122.0,1,0,0,0,,,50.464230625,0,0,0.0,0.0,0,0,18.0
1,0,5.0,https://profi.ru/profile/GimatdinovIR/,121.0,1,0,"4,80",20,,,50.713369666666665,0,0,0.0,0.0,0,0,64.0
1,0,7.0,https://profi.ru/profile/GinedullinAM/,113.0,1,0,"5,0",1,,,50.7522352,0,0,0.0,0.0,0,0,5.0
1,0,15.0,https://profi.ru/profile/GiniyatullinMI/,157.0,1,0,0,0,,,50.71816933333334,0,7,0.0,0.0,0,0,
1,0,5.0,https://profi.ru/profile/GizdatullinTF/,128.0,1,0,0,0,,,50.769005,0,0,0.0,0.0,0,0,2.0
1,0,15.0,https://profi.ru/profile/GnevanovVV/,155.0,0,0,"5,0",2,,,50.707089,0,4,0.0,0.0,1,0,
1,0,7.0,https://profi.ru/profile/GolubevAE12/,166.0,1,0,0,0,,,50.552765375,0,0,0.0,0.0,0,0,1.0
0,1,5.0,https://profi.ru/profile/GolubevDA36/,120.0,1,0,"5,0",3,600.0,,50.6729335,0,0,0.0,0.0,0,0,
0,0,6.0,https://profi.ru/profile/GorchakovAM2/,118.0,1,0,"1,0",1,,,50.67258,0,0,0.0,0.0,0,0,7.0
1,0,7.0,https://profi.ru/profile/GrekovKY/,142.0,1,0,"5,0",1,,,50.69385,0,0,0.0,0.0,0,0,4.0
0,1,,https://profi.ru/profile/GrigoryevAO18/,140.0,1,0,"5,0",5,,,50.432393000000005,10,5,1.0,0.0,0,0,
1,0,7.0,https://profi.ru/profile/GrinevSV7/,188.0,1,0,"5,0",3,,10.0,50.354015,0,0,0.0,0.0,0,0,2.0
0,0,,https://profi.ru/profile/GrishkovDN2/,109.0,1,0,"5,0",7,,,50.779972,3,4,0.0,0.0,0,0,49.0
0,1,15.0,https://profi.ru/profile/GudochkinEN/,88.0,1,0,"5,0",1,,,50.782255,0,5,0.0,0.0,0,0,
0,1,16.0,https://profi.ru/profile/GumerovRR27/,154.0,1,0,"5,0",2,,,50.56984333333334,3,0,0.0,0.0,0,0,
0,1,,https://profi.ru/profile/GuvakovMD/,13.0,0,0,"4,94",62,,10.0,50.58908891666667,0,0,0.0,1.0,0,0,
1,0,5.0,https://profi.ru/profile/GuzayerovIR/,116.0,1,0,0,0,,,50.7697875,0,0,0.0,0.0,0,0,
0,0,7.0,https://profi.ru/profile/HaibullinRU/,48.0,1,0,"4,89",38,,,50.5912483,4,12,0.0,1.0,0,0,80.0
1,0,7.0,https://profi.ru/profile/HairulinDZ/,121.0,1,0,"4,81",184,,,50.5939641,0,1,0.0,0.0,0,0,83.0
0,0,5.0,https://profi.ru/profile/HarrasovRR3/,59.0,1,0,"5,0",47,,,50.78321333333334,0,11,0.0,0.0,1,0,57.0
1,0,7.0,https://profi.ru/profile/HasanovAD4/,30.0,1,0,"4,60",10,,,50.937073,0,0,1.0,0.0,0,0,74.0
0,0,7.0,https://profi.ru/profile/HasanzyanovIA/,42.0,1,0,"5,0",9,,,50.883347,0,0,1.0,0.0,0,0,
0,0,,https://profi.ru/profile/HibatullinIN/,103.0,1,0,"4,96",169,,,50.753488375,1,0,0.0,0.0,0,0,69.0
1,0,7.0,https://profi.ru/profile/HisamievIR/,92.0,1,0,"5,0",4,,,50.687958,0,0,0.0,0.0,0,0,88.0
1,0,14.0,https://profi.ru/profile/HisamutdinovII/,92.0,1,12,"4,93",43,400.0,,50.73401466666667,0,0,0.0,0.0,0,0,
1,0,16.0,https://profi.ru/profile/HusainovAF/,97.0,1,0,"5,0",107,350.0,,50.6112488,0,7,0.0,0.0,0,0,
1,0,7.0,https://profi.ru/profile/HusainovBA2/,158.0,1,0,0,0,,,50.63220333333334,3,0,0.0,0.0,0,0,74.0
1,0,7.0,https://profi.ru/profile/IbatovEM/,140.0,1,0,0,0,,,50.69578733333333,0,0,0.0,0.0,0,0,25.0
0,0,,https://profi.ru/profile/IbatullinAN2/,89.0,1,0,"4,91",22,,,50.53003533333333,0,1,0.0,0.0,0,0,
0,0,16.0,https://profi.ru/profile/IbragimovMV/,133.0,1,0,"4,97",116,,,50.58261311111111,33,0,0.0,0.0,0,0,
1,0,3.0,https://profi.ru/profile/IbragimovRF17/,96.0,1,0,"5,0",34,,,50.51808225,0,0,0.0,1.0,0,0,33.0
1,0,9.0,https://profi.ru/profile/IgorMV2/,102.0,1,0,"4,75",4,,,50.774485,0,0,0.0,0.0,0,0,
1,0,7.0,https://profi.ru/profile/IlinAA170/,153.0,1,0,0,0,,,50.607995,0,0,0.0,0.0,0,0,12.0
1,0,11.0,https://profi.ru/profile/IlinMI/,106.0,0,0,0,0,400.0,,50.772985,0,0,0.0,0.0,0,0,
1,0,23.0,https://profi.ru/profile/ImanovRV/,129.0,1,6,"4,89",37,,,50.50635777777778,5,22,0.0,1.0,0,0,
1,0,6.0,https://profi.ru/profile/IsmagilovBZ/,77.0,1,0,0,0,,,50.7402435,0,0,0.0,0.0,0,0,71.0
0,0,7.0,https://profi.ru/profile/IsmagilovII9/,34.0,1,0,0,0,,,50.8210565,0,0,0.0,0.0,0,0,
0,1,7.0,https://profi.ru/profile/IsmagilovIR14/,176.0,1,0,0,0,,,50.622092,0,0,0.0,0.0,0,0,
1,0,7.0,https://profi.ru/profile/IsmagilovRF/,95.0,1,0,"4,60",10,500.0,,50.7830945,0,11,0.0,1.0,1,0,78.0
1,0,7.0,https://profi.ru/profile/IsmagilovRR41/,114.0,1,0,"4,73",15,500.0,,50.50905333333333,0,5,0.0,0.0,0,0,
1,0,3.0,https://profi.ru/profile/IvankovAI4/,151.0,1,0,"5,0",8,500.0,,50.80004,0,12,0.0,0.0,0,0,38.0
1,0,6.0,https://profi.ru/profile/IvankovAS18/,115.0,1,0,0,0,,,50.7524182,0,0,0.0,0.0,0,0,1.0
0,1,18.0,https://profi.ru/profile/IvanovAA467/,132.0,1,0,0,0,,,50.804928,0,0,0.0,0.0,0,0,
0,0,,https://profi.ru/profile/IvanovRA82/,80.0,1,0,"4,89",9,,,50.77639375,0,0,1.0,0.0,0,0,66.0
0,1,15.0,https://profi.ru/profile/IvanovVV588/,144.0,1,0,0,0,,10.0,50.658736000000005,0,0,0.0,0.0,0,0,
1,0,7.0,https://profi.ru/profile/KadamovRS2/,148.0,1,0,0,0,,,50.6105375,0,0,0.0,0.0,0,0,7.0
1,1,11.0,https://profi.ru/profile/KadyrovAA48/,115.0,1,0,"5,0",12,300.0,,50.52591488888888,0,8,0.0,0.0,0,0,
1,0,3.0,https://profi.ru/profile/KagarmanovAN/,155.0,1,0,0,0,,,50.633183333333335,0,0,0.0,0.0,0,0,32.0
1,0,5.0,https://profi.ru/profile/KagirovAR3/,27.0,1,0,0,0,,,50.749786,0,0,0.0,0.0,0,0,3.0
1,0,7.0,https://profi.ru/profile/KalimullinMM3/,54.0,1,0,"5,0",2,,,50.54174175,0,7,0.0,0.0,0,0,
0,1,32.0,https://profi.ru/profile/KalimullinRR30/,121.0,1,0,0,0,,,50.73017,0,0,0.0,0.0,0,0,
1,0,16.0,https://profi.ru/profile/KamaletdinovAR/,155.0,0,0,"4,0",2,100.0,,50.48505533333333,0,1,0.0,0.0,0,0,
0,1,,https://profi.ru/profile/KamaliyevAD2/,60.0,1,0,"5,0",5,,5.0,50.7669255,0,0,0.0,1.0,0,0,
1,0,7.0,https://profi.ru/profile/KamaliyevSR/,112.0,1,0,0,0,,,50.7681258,0,0,0.0,0.0,0,0,13.0
0,1,16.0,https://profi.ru/profile/KamalovMR4/,136.0,1,0,0,0,300.0,5.0,50.665234,0,0,0.0,0.0,0,0,
0,1,,https://profi.ru/profile/KamaltdinovAG/,134.0,1,0,0,0,,,50.7603444,0,0,0.0,0.0,0,0,
1,0,30.0,https://profi.ru/profile/KamashevLV/,127.0,1,0,"5,0",6,,,50.557089727272725,0,2,0.0,0.0,0,0,11.0
0,0,,https://profi.ru/profile/KambarovAT/,150.0,0,12,"4,82",84,500.0,,50.47464057142857,0,2,0.0,0.0,0,0,
1,0,7.0,https://profi.ru/profile/KandinOA/,141.0,1,0,0,0,,,50.726903750000005,0,0,0.0,0.0,0,0,4.0
1,0,5.0,https://profi.ru/profile/KapsuzyanAV/,144.0,1,0,0,0,,,50.701849,0,0,0.0,0.0,0,0,2.0
1,0,12.0,https://profi.ru/profile/KarimovFF10/,150.0,1,0,"4,60",5,,,50.5168709,0,16,0.0,0.0,0,0,
1,0,7.0,https://profi.ru/profile/KarimullinIM3/,110.0,1,0,0,0,,,50.765926,0,0,0.0,0.0,0,0,1.0
0,0,20.0,https://profi.ru/profile/KaripovRF3/,56.0,1,0,"4,97",141,,5.0,57.25940241666666,4,47,0.0,0.0,0,0,10.0
0,0,7.0,https://profi.ru/profile/KarneevUB/,21.0,1,0,"5,0",23,,,50.58362363636363,0,2,0.0,0.0,0,0,79.0
1,0,7.0,https://profi.ru/profile/KarpovAO25/,125.0,1,0,0,0,,,50.74000675,0,0,0.0,0.0,0,0,1.0
0,0,26.0,https://profi.ru/profile/KashapovIV/,163.0,1,0,"5,0",2,1500.0,,50.643314,0,0,0.0,0.0,0,0,
0,0,,https://profi.ru/profile/KashapovNF/,178.0,1,0,0,0,,,50.691083,0,0,0.0,0.0,0,0,55.0
1,0,4.0,https://profi.ru/profile/KashayevAY/,146.0,1,0,"5,0",1,,,50.37664933333334,0,0,0.0,0.0,0,0,54.0
1,0,7.0,https://profi.ru/profile/KasyanovAG7/,140.0,1,0,"5,0",3,,5.0,50.42030785714286,0,0,0.0,0.0,0,0,7.0
0,0,9.0,https://profi.ru/profile/KayumovEA2/,151.0,1,0,0,0,,,50.72963033333334,1,0,0.0,0.0,0,0,
1,0,4.0,https://profi.ru/profile/KayumovLF/,61.0,1,0,"5,0",132,,,50.80014,0,0,0.0,0.0,0,0,47.0
1,0,15.0,https://profi.ru/profile/KenzhayevTI/,102.0,1,0,"5,0",5,100.0,10.0,50.5964145,0,27,0.0,0.0,0,0,
0,1,,https://profi.ru/profile/KhabibullinDI/,45.0,0,0,"4,88",48,,,50.57104,2,0,1.0,0.0,1,0,
0,1,,https://profi.ru/profile/KhabibullinR/,53.0,0,0,0,0,,,50.75496,2,0,0.0,0.0,0,0,
1,0,4.0,https://profi.ru/profile/KhabibullinTA5/,142.0,1,0,"5,0",29,,,50.54055855555556,9,47,0.0,0.0,0,0,11.0
1,0,8.0,https://profi.ru/profile/KhadiullinAN/,85.0,0,0,"5,0",5,,,50.77609566666666,3,25,0.0,0.0,0,0,6.0
0,0,,https://profi.ru/profile/KhafizovER4/,88.0,1,0,"5,0",3,,,50.768051,0,0,0.0,0.0,0,0,2.0
1,0,33.0,https://profi.ru/profile/KhafizovRI5/,140.0,1,0,0,0,,,50.6225185,0,0,0.0,0.0,0,0,
1,0,9.0,https://profi.ru/profile/KhairtdinovRI/,141.0,1,0,"5,0",5,,,50.62701633333333,1,0,1.0,0.0,0,0,
1,0,10.0,https://profi.ru/profile/KhakimovRF6/,132.0,1,0,0,0,,15.0,50.6675525,0,0,0.0,0.0,0,0,
0,1,,https://profi.ru/profile/KhalitovAA5/,86.0,1,0,"5,0",1,,,50.513587375,0,0,0.0,0.0,0,0,
1,0,7.0,https://profi.ru/profile/KhaliullinIA2/,77.0,1,0,"5,0",12,,,50.5939637,0,0,0.0,0.0,0,0,4.0
1,1,,https://profi.ru/profile/KhamzinRR7/,42.0,1,0,"5,0",2,,,50.8104785,0,0,0.0,0.0,0,0,
1,0,7.0,https://profi.ru/profile/KhasanovRN18/,49.0,0,0,"5,0",13,,,50.561536857142855,0,0,1.0,0.0,1,0,10.0
1,0,7.0,https://profi.ru/profile/KhasanovSM19/,162.0,1,0,0,0,,,50.452474555555554,0,0,0.0,0.0,0,0,4.0
1,0,2.0,https://profi.ru/profile/KhasbiyevII2/,29.0,1,0,0,0,,,50.95879,0,0,0.0,0.0,0,0,26.0
0,1,4.0,https://profi.ru/profile/KhashadAA/,148.0,0,0,"4,91",494,1000.0,,50.7047004,1,27,0.0,0.0,1,0,52.0
1,0,,https://profi.ru/profile/KhaybullinRM/,84.0,0,0,"5,0",49,900.0,,50.600278,0,26,0.0,0.0,1,0,
1,0,8.0,https://profi.ru/profile/KhayrullinMG2/,60.0,1,0,0,0,,,50.828306,0,11,0.0,0.0,0,0,
1,0,7.0,https://profi.ru/profile/KhayrullinRI12/,85.0,1,0,"5,0",3,,,50.550743777777775,0,0,0.0,0.0,0,0,13.0
1,0,21.0,https://profi.ru/profile/KhayrullinRR17/,98.0,0,0,0,0,,5.0,50.7995815,0,0,0.0,0.0,1,0,
1,0,10.0,https://profi.ru/profile/KhayrullinRR18/,108.0,1,0,"5,0",9,,,50.77647066666666,1,0,0.0,1.0,0,0,17.0
0,1,,https://profi.ru/profile/KhayrullovDA/,64.0,1,0,"5,0",1,,50.0,50.722584,0,6,0.0,0.0,0,0,
1,0,7.0,https://profi.ru/profile/KhisamovKI/,132.0,1,0,"5,0",2,,,50.75840625,0,3,0.0,0.0,0,0,10.0
1,0,7.0,https://profi.ru/profile/KhismatullinIA2/,184.0,1,0,"5,0",1,,,50.621315,0,0,0.0,0.0,0,0,13.0
1,0,7.0,https://profi.ru/profile/KhodovTR/,169.0,1,0,0,0,200.0,,50.62519966666667,0,0,0.0,0.0,0,0,8.0
1,0,4.0,https://profi.ru/profile/KhristolyubovYA/,101.0,1,0,0,0,,,50.793760000000006,0,7,0.0,0.0,0,0,53.0
1,0,5.0,https://profi.ru/profile/KhrushchevNA2/,58.0,1,0,0,0,,,50.745945000000006,0,0,0.0,0.0,0,0,4.0
1,0,5.0,https://profi.ru/profile/KhrustalevVA7/,110.0,1,0,0,0,,,50.77112066666667,0,0,0.0,0.0,0,0,3.0
0,1,7.0,https://profi.ru/profile/KhudoynazarovOK2/,65.0,1,0,"4,65",17,,10.0,50.7984915,1,0,1.0,0.0,0,0,
1,0,5.0,https://profi.ru/profile/KhurtinAA3/,88.0,1,0,0,0,,,50.7888418,0,0,0.0,0.0,0,0,
0,1,3.0,https://profi.ru/profile/KhusainovAR10/,112.0,1,0,0,0,1000.0,,50.6877985,0,0,0.0,0.0,0,0,
1,0,4.0,https://profi.ru/profile/KhusnetdinovIM/,120.0,1,0,"5,0",25,,,50.56473172727272,1,0,0.0,0.0,0,0,43.0
1,0,7.0,https://profi.ru/profile/KhusnullinRI/,142.0,1,0,0,0,,,50.7411215,0,0,0.0,0.0,0,0,7.0
0,1,15.0,https://profi.ru/profile/KhusnutdinovAK/,157.0,1,0,0,0,,,50.63567166666667,5,19,0.0,0.0,0,0,
1,0,7.0,https://profi.ru/profile/KindyukovMV/,169.0,1,0,"5,0",3,,,50.80003,0,0,0.0,0.0,0,0,10.0
1,0,2.0,https://profi.ru/profile/KinzyabayevDL/,92.0,1,0,"5,0",4,,,50.834195,0,0,0.0,0.0,0,0,21.0
0,0,,https://profi.ru/profile/KirillovAA99/,58.0,1,0,0,0,,,50.769249,12,6,0.0,0.0,0,0,6.0
1,1,9.0,https://profi.ru/profile/KlykovYA3/,88.0,1,0,"5,0",3,,,50.43119016666666,7,0,0.0,0.0,0,0,
0,0,,https://profi.ru/profile/KolchinMY/,96.0,1,0,0,0,,,50.7814376,2,0,0.0,0.0,0,0,2.0
1,1,7.0,https://profi.ru/profile/KolsanovVS/,72.0,0,0,"4,99",230,,,50.7776374,0,0,0.0,0.0,0,0,
1,0,26.0,https://profi.ru/profile/KondratAV/,138.0,1,0,"4,85",125,,,50.73052225,0,4,0.0,1.0,0,0,
1,0,8.0,https://profi.ru/profile/KonevAV4/,92.0,1,0,0,0,1500.0,10.0,50.687958,1,11,0.0,0.0,0,0,
1,0,1.0,https://profi.ru/profile/KonyukhovSV/,145.0,1,0,"5,0",2,,,50.47923844444444,1,13,0.0,0.0,0,0,38.0
1,0,7.0,https://profi.ru/profile/KordyukovAA2/,151.0,1,0,0,0,,,50.683407,0,0,0.0,0.0,0,0,2.0
0,1,10.0,https://profi.ru/profile/KornilovAU5/,127.0,1,0,"5,0",2,,,50.57373533333333,0,0,0.0,0.0,0,0,
0,0,,https://profi.ru/profile/KorostelevNS5/,108.0,1,0,0,0,,,50.770436,0,14,0.0,0.0,0,0,4.0
1,0,7.0,https://profi.ru/profile/KorsakovVA4/,39.0,1,0,0,0,,,50.90671,0,0,0.0,0.0,0,0,1.0
0,1,13.0,https://profi.ru/profile/KorshunovKA9/,125.0,1,0,0,0,,,50.49662314285714,0,0,0.0,0.0,0,0,
0,1,,https://profi.ru/profile/KoshkinPV2/,97.0,1,0,"5,0",1,,,50.51938855555555,0,0,0.0,0.0,0,0,
1,0,7.0,https://profi.ru/profile/KotdusovLG/,28.0,1,0,"5,0",2,,,50.943207,0,0,0.0,0.0,0,0,22.0
0,1,5.0,https://profi.ru/profile/KovalenkoKO5/,137.0,0,0,0,0,,,50.640026,3,37,0.0,0.0,1,0,
0,0,10.0,https://profi.ru/profile/KozhevnikovOS5/,38.0,1,0,"5,0",7,,,50.815545,0,3,0.0,1.0,0,0,13.0
1,0,7.0,https://profi.ru/profile/KrasnovDV5/,154.0,1,0,"5,0",29,250.0,,50.37042733333333,0,3,0.0,1.0,0,0,90.0
0,0,,https://profi.ru/profile/KrasnovMA23/,154.0,1,0,"5,0",1,,,50.68381366666667,0,0,0.0,0.0,0,0,16.0
0,0,13.0,https://profi.ru/profile/KrasnovRR/,156.0,1,1,"4,82",116,500.0,10.0,50.61410825,6,0,0.0,1.0,0,0,
1,0,5.0,https://profi.ru/profile/KrayevskiyIA2/,152.0,1,0,0,0,,,50.651869,0,0,0.0,0.0,0,0,2.0
1,0,1.0,https://profi.ru/profile/KraynovDV3/,94.0,1,0,"3,0",1,2000.0,,50.7814376,0,0,0.0,0.0,0,0,14.0
1,1,7.0,https://profi.ru/profile/KraynovPV2/,0.0,1,0,"5,0",21,,10.0,70.61884025,0,9,0.0,1.0,0,0,
1,0,5.0,https://profi.ru/profile/KrinitsynIM/,170.0,1,0,0,0,,,50.662497,0,0,0.0,0.0,0,0,4.0
0,1,,https://profi.ru/profile/KruglovVV30/,76.0,1,0,"5,0",3,,,50.515280375,0,0,0.0,0.0,0,0,
1,0,20.0,https://profi.ru/profile/KrylovAA67/,17.0,1,0,"4,94",79,,,50.59451475,0,15,0.0,0.0,0,0,
1,0,2.0,https://profi.ru/profile/KrymskiyYL/,78.0,1,0,"5,0",1,,,50.708438,0,0,0.0,0.0,0,0,29.0
1,0,7.0,https://profi.ru/profile/KucheganovIB/,81.0,1,0,"5,0",1,,,50.524487875,0,0,0.0,0.0,0,0,86.0
0,0,,https://profi.ru/profile/KudryashovAS30/,150.0,1,0,0,0,,,50.75277833333333,0,0,0.0,0.0,0,0,12.0
0,1,2.0,https://profi.ru/profile/KudryashovSS7/,148.0,1,0,"5,0",1,,,50.724856,3,0,0.0,0.0,0,0,
1,0,9.0,https://profi.ru/profile/KupchikovSV/,53.0,1,0,0,0,,,50.708477,0,0,0.0,0.0,0,0,24.0
0,1,12.0,https://profi.ru/profile/KurbanovShG2/,98.0,1,0,"5,0",5,,10.0,50.6108005,0,2,1.0,0.0,0,0,
1,0,7.0,https://profi.ru/profile/KuryaginAV/,125.0,1,0,0,0,,,50.743905,0,0,0.0,0.0,0,0,9.0
0,0,,https://profi.ru/profile/KushkaIU/,111.0,0,0,"4,65",147,1000.0,10.0,50.736104,0,4,0.0,0.0,0,0,
1,0,7.0,https://profi.ru/profile/KushmanovAP/,125.0,1,0,"5,0",7,,,50.573028,0,0,0.0,0.0,0,0,11.0
1,0,7.0,https://profi.ru/profile/KuzembayevGM/,123.0,1,6,"5,0",2,,10.0,50.76970166666666,0,0,0.0,0.0,0,0,19.0
1,0,9.0,https://profi.ru/profile/KuzminDL5/,142.0,1,0,0,0,,,50.7539872,0,0,0.0,0.0,0,0,
0,0,15.0,https://profi.ru/profile/KuzminSV50/,109.0,1,0,"5,0",17,,,50.7572588,0,0,0.0,1.0,0,0,58.0
1,0,7.0,https://profi.ru/profile/KuznetsovPA76/,100.0,1,0,0,0,,,50.710369,5,0,0.0,0.0,0,0,4.0
1,0,7.0,https://profi.ru/profile/KuznetsovSV54/,90.0,1,0,"4,98",46,,,50.5738202,0,0,0.0,0.0,0,0,
1,0,7.0,https://profi.ru/profile/KuznetsovVI78/,60.0,1,0,0,0,,,50.810624,0,0,0.0,0.0,0,0,10.0
1,0,10.0,https://profi.ru/profile/LakeyevSM/,70.0,1,0,"5,0",10,,,50.830273000000005,0,4,0.0,0.0,0,0,
0,0,,https://profi.ru/profile/LarinAS27/,68.0,1,0,"5,0",29,300.0,,50.6255905,0,27,0.0,0.0,1,0,18.0
1,0,2.0,https://profi.ru/profile/LarinOV8/,121.0,1,0,0,0,,,50.7569402,0,0,0.0,0.0,0,0,16.0
1,0,7.0,https://profi.ru/profile/LarionovVV34/,133.0,0,0,0,0,,,50.7557712,0,0,0.0,0.0,1,0,3.0
1,0,7.0,https://profi.ru/profile/LatipovII4/,163.0,1,0,"5,0",15,,,50.6719626,0,0,1.0,0.0,0,0,7.0
1,0,7.0,https://profi.ru/profile/LavoninVA/,104.0,0,0,"5,0",1,,,50.7632754,0,0,0.0,0.0,0,0,7.0
0,0,,https://profi.ru/profile/LebedyantsevMK/,67.0,1,0,"5,0",6,,,50.629678090909096,3,10,0.0,1.0,0,0,16.0
1,0,8.0,https://profi.ru/profile/LedentsovRA/,122.0,1,0,0,0,,,50.764386,0,0,0.0,0.0,0,0,1.0
1,1,29.0,https://profi.ru/profile/LeontyevDV13/,97.0,1,0,"4,95",126,,,50.61660823076923,0,2,0.0,0.0,0,0,
0,0,,https://profi.ru/profile/LeshchenkoVV2/,50.0,0,0,0,0,,,50.780201000000005,0,0,0.0,0.0,0,0,34.0
1,0,7.0,https://profi.ru/profile/LipskiyVN/,110.0,1,0,0,0,,,50.7618475,0,0,0.0,0.0,0,0,1.0
1,0,7.0,https://profi.ru/profile/LipskiyYS/,124.0,1,0,0,0,,,50.783359,0,0,0.0,0.0,0,0,4.0
0,1,5.0,https://profi.ru/profile/LisinSN4/,134.0,1,0,0,0,,,50.780990333333335,0,26,0.0,0.0,0,0,
1,0,14.0,https://profi.ru/profile/LoginovNA2/,3.0,0,12,"5,0",13,8000.0,5.0,70.28538841666666,3,45,0.0,0.0,0,0,
1,0,7.0,https://profi.ru/profile/LukaninAA4/,105.0,1,0,0,0,,,50.751989,0,0,0.0,0.0,0,0,4.0
0,1,23.0,https://profi.ru/profile/LukashkovAV/,176.0,1,0,0,0,,,50.608604,0,0,0.0,0.0,0,0,
0,1,19.0,https://profi.ru/profile/LukashovVV/,168.0,0,12,"4,56",18,,,50.6705115,0,0,0.0,1.0,0,0,
1,0,10.0,https://profi.ru/profile/LykovID2/,98.0,1,0,"5,0",6,,,50.800892000000005,0,0,1.0,0.0,0,0,
0,0,6.0,https://profi.ru/profile/MadzhidzodaMK/,80.0,1,0,"5,0",3,,,50.732027,0,0,0.0,0.0,0,0,10.0
0,0,,https://profi.ru/profile/MakaretsVI/,121.0,1,0,"5,0",1,,,50.72248,0,2,0.0,0.0,0,0,3.0
1,0,17.0,https://profi.ru/profile/MakarovAU2/,116.0,1,6,"4,20",5,300.0,,50.76270066666667,0,0,0.0,0.0,0,0,
0,0,,https://profi.ru/profile/MakhmadovAF/,27.0,0,0,"4,92",25,,,50.54785325,1,0,1.0,0.0,0,0,10.0
1,0,7.0,https://profi.ru/profile/MakhmutovMR4/,83.0,1,0,0,0,,,50.7298235,0,0,0.0,0.0,0,0,5.0
0,1,5.0,https://profi.ru/profile/MakhmutovSR/,41.0,0,0,"5,0",1,5000.0,,50.498913,0,0,0.0,0.0,1,0,
1,0,7.0,https://profi.ru/profile/MaksimovAA174/,50.0,1,0,"5,0",25,,,50.747271,0,0,1.0,0.0,0,0,19.0
1,0,8.0,https://profi.ru/profile/MaksimovBA2/,86.0,1,0,"4,91",57,150.0,5.0,50.79232966666667,0,1,0.0,0.0,1,0,
1,0,7.0,https://profi.ru/profile/MalikovRK2/,104.0,1,0,"5,0",1,,,50.7909115,0,0,0.0,0.0,0,0,78.0
1,0,5.0,https://profi.ru/profile/MalininEV2/,112.0,1,0,0,0,,,50.7011735,0,0,0.0,0.0,0,0,
1,0,7.0,https://profi.ru/profile/MalovMV6/,107.0,1,0,0,0,,,50.75233725,0,0,0.0,0.0,0,0,7.0
1,0,14.0,https://profi.ru/profile/MamirovIB2/,130.0,1,0,"4,97",31,,,50.76270525,0,6,1.0,0.0,0,0,72.0
0,1,,https://profi.ru/profile/MansurovDA8/,133.0,1,0,"5,0",11,,,50.549092,1,0,1.0,0.0,0,0,
1,0,7.0,https://profi.ru/profile/MardanshinDR2/,45.0,1,0,"5,0",1,,,50.92391,3,0,0.0,0.0,0,0,6.0
1,0,7.0,https://profi.ru/profile/MarkZI/,138.0,1,0,0,0,,,50.63552366666666,0,0,0.0,0.0,0,0,16.0
0,0,7.0,https://profi.ru/profile/MarkelovIV5/,129.0,1,0,"5,0",11,,,50.6819012,2,17,0.0,0.0,0,0,
0,0,7.0,https://profi.ru/profile/MarkitantovDE/,86.0,1,0,"4,74",160,200.0,10.0,50.7759938,1,1,0.0,0.0,0,0,90.0
1,0,5.0,https://profi.ru/profile/MarkovPK/,167.0,1,0,"5,0",2,1000.0,,50.6502876,0,2,0.0,0.0,0,0,
1,0,7.0,https://profi.ru/profile/MartyshinFV/,60.0,1,0,0,0,,,50.749504,0,0,0.0,0.0,0,0,3.0
1,0,7.0,https://profi.ru/profile/MarupovRI/,91.0,1,0,0,0,,,50.769379,0,0,0.0,0.0,0,0,6.0
1,0,7.0,https://profi.ru/profile/MashchenkoDA3/,111.0,1,0,"5,0",15,500.0,10.0,50.623423200000005,0,10,0.0,0.0,0,0,13.0
1,1,12.0,https://profi.ru/profile/MatorinKV/,100.0,0,0,"5,0",6,,,50.735931,0,0,0.0,0.0,0,0,
1,0,20.0,https://profi.ru/profile/MatveevMV3/,109.0,1,12,"4,98",132,,20.0,50.76999066666667,0,0,0.0,1.0,0,0,
1,0,7.0,https://profi.ru/profile/MayskiyMD/,115.0,1,0,0,0,,,50.752182,0,0,0.0,0.0,0,0,4.0
1,0,7.0,https://profi.ru/profile/MedostovYaV/,158.0,1,0,0,0,500.0,,50.55989333333334,0,13,0.0,0.0,0,0,77.0
1,0,4.0,https://profi.ru/profile/MelikovSR4/,108.0,1,0,"5,0",2,,,50.53175433333334,0,0,0.0,0.0,0,0,51.0
0,1,,https://profi.ru/profile/MiftahovRI2/,114.0,1,0,"4,50",8,,,50.49735277777778,0,0,1.0,0.0,0,0,
1,0,7.0,https://profi.ru/profile/MiftakhovRR10/,84.0,1,0,0,0,,,50.78490525,0,0,0.0,0.0,0,0,5.0
0,1,,https://profi.ru/profile/MihailovSO2/,10.0,1,0,"4,90",41,,,50.61700025,0,9,0.0,1.0,1,0,
1,0,7.0,https://profi.ru/profile/MikhalevSY2/,161.0,1,0,"4,50",10,,,50.63277300000001,0,0,0.0,1.0,0,0,17.0
0,1,7.0,https://profi.ru/profile/MikhaylovAV180/,90.0,0,0,0,0,10000.0,,50.713255,0,0,0.0,0.0,0,0,
0,0,,https://profi.ru/profile/MingaleyevRM2/,68.0,1,0,"5,0",2,,,50.755884,0,0,0.0,0.0,0,0,
0,1,7.0,https://profi.ru/profile/MingazovFS/,61.0,1,0,"5,0",1,,,50.828090333333336,0,13,0.0,0.0,0,0,
0,1,7.0,https://profi.ru/profile/MingulovII/,150.0,1,0,0,0,300.0,,50.681757000000005,0,0,0.0,0.0,0,0,
1,0,7.0,https://profi.ru/profile/MininAS5/,121.0,1,0,"3,67",3,,,50.74035366666666,0,0,0.0,0.0,0,0,79.0
1,0,7.0,https://profi.ru/profile/MinnigareyevII/,128.0,1,0,"5,0",5,,,50.569208,0,22,0.0,0.0,0,0,23.0
1,0,17.0,https://profi.ru/profile/MinnullinII5/,42.0,1,0,"5,0",1,,,50.805479000000005,3,43,0.0,0.0,0,0,
0,1,7.0,https://profi.ru/profile/MirgazovAA4/,114.0,1,0,0,0,,,50.744435,0,0,0.0,0.0,0,0,
1,0,7.0,https://profi.ru/profile/MishinIN7/,78.0,1,0,"5,0",9,,,50.52237385714285,0,0,1.0,0.0,0,0,4.0
1,0,7.0,https://profi.ru/profile/MitinAA32/,140.0,1,0,0,0,,,50.70915025,0,0,0.0,0.0,0,0,4.0
0,0,,https://profi.ru/profile/MotorinOA2/,105.0,1,0,"5,0",10,350.0,,50.610034692307686,0,12,0.0,0.0,1,0,
0,0,20.0,https://profi.ru/profile/MubarakzyanovEF/,159.0,1,0,0,0,,,50.69440866666667,0,8,0.0,0.0,0,0,22.0
0,0,7.0,https://profi.ru/profile/MuhametshinAR/,62.0,1,0,"4,95",43,,10.0,50.70303,0,0,1.0,0.0,0,0,86.0
0,0,13.0,https://profi.ru/profile/MuharlyamovRR2/,107.0,1,6,"4,84",132,500.0,,50.72195166666666,2,2,0.0,0.0,0,0,
1,0,7.0,https://profi.ru/profile/MukhamatullinMM/,46.0,1,0,0,0,,,50.79453,0,0,0.0,0.0,0,0,10.0
0,1,12.0,https://profi.ru/profile/MukhametdinovSR2/,88.0,1,0,"4,96",23,,30.0,50.62649566666667,5,53,0.0,0.0,0,0,
1,0,5.0,https://profi.ru/profile/MukhametshiyeRS/,62.0,1,0,"5,0",1,,,50.745983,0,0,0.0,0.0,0,0,2.0
1,0,3.0,https://profi.ru/profile/MukhametzyanovIA/,129.0,1,0,"5,0",4,,,50.539361500000005,0,0,0.0,0.0,0,0,33.0
1,0,7.0,https://profi.ru/profile/MukhomedzhanovKM/,150.0,0,0,"5,0",1,,,50.6435235,3,1,0.0,0.0,0,0,37.0
1,0,3.0,https://profi.ru/profile/MukhtasarovAF/,42.0,1,0,0,0,,,50.92728,0,0,0.0,0.0,0,0,37.0
1,0,4.0,https://profi.ru/profile/MukhtasibovRR/,150.0,1,0,"5,0",7,,,50.44863925,0,1,0.0,0.0,0,0,50.0
1,0,2.0,https://profi.ru/profile/MukhutdinovII3/,157.0,1,0,0,0,,,50.71388366666667,0,0,0.0,0.0,0,0,27.0
0,1,4.0,https://profi.ru/profile/MullahmetovIG/,137.0,1,0,"5,0",9,,,50.50799677777778,0,1,0.0,0.0,0,0,
1,0,2.0,https://profi.ru/profile/MullinVV3/,37.0,1,0,"4,98",56,350.0,,50.671466,6,21,0.0,0.0,0,0,32.0
0,1,10.0,https://profi.ru/profile/MurtazinRR17/,107.0,1,0,0,0,,,50.53235025,0,0,0.0,0.0,0,0,
0,0,1.0,https://profi.ru/profile/MurzenkovTI/,103.0,1,0,"5,0",11,,,50.59092527272728,0,3,1.0,0.0,0,0,12.0
1,1,15.0,https://profi.ru/profile/MusinII/,129.0,1,12,"4,0",4,,10.0,50.73132233333333,0,12,0.0,0.0,0,0,
1,0,16.0,https://profi.ru/profile/MusiyenkoAV4/,145.0,1,0,"5,0",2,,,50.7701682,0,9,0.0,0.0,0,0,13.0
1,0,7.0,https://profi.ru/profile/MustafinRA22/,116.0,1,0,0,0,,,50.743651,0,0,0.0,0.0,0,0,1.0
1,0,8.0,https://profi.ru/profile/MuzafarovJJ/,138.0,1,0,"4,72",25,150.0,100.0,50.651981500000005,0,0,1.0,0.0,0,0,
1,0,3.0,https://profi.ru/profile/MuzafarovRR6/,129.0,1,0,0,0,,,50.7354935,0,0,0.0,0.0,0,0,31.0
1,0,8.0,https://profi.ru/profile/NabiullinIR5/,89.0,1,0,"5,0",1,,,50.8011862,0,10,0.0,0.0,0,0,
0,0,,https://profi.ru/profile/NabiullinRH/,59.0,1,0,"5,0",18,500.0,,50.56683922222223,0,1,0.0,0.0,0,0,
1,0,5.0,https://profi.ru/profile/NabiyevIS5/,118.0,1,0,"5,0",2,,,50.44034042857143,0,0,0.0,0.0,0,0,2.0
1,0,5.0,https://profi.ru/profile/NabiyevNN/,58.0,1,0,"5,0",9,,,50.87119533333333,0,0,1.0,0.0,0,0,55.0
1,0,5.0,https://profi.ru/profile/NadiktaSB/,130.0,1,0,"5,0",25,,,50.457622125,0,0,0.0,1.0,0,0,59.0
0,1,11.0,https://profi.ru/profile/NasabaevDV/,116.0,0,0,"5,0",11,400.0,,50.80006,8,28,0.0,0.0,1,0,
1,0,3.0,https://profi.ru/profile/NasibullinRI4/,130.0,1,0,"4,20",5,,,50.78616333333334,0,7,0.0,0.0,0,0,35.0
1,0,3.0,https://profi.ru/profile/NasybullinDF/,157.0,0,1,"5,0",7,,10.0,50.51395577777778,0,17,0.0,0.0,1,0,
1,0,5.0,https://profi.ru/profile/NaumetovRR/,155.0,1,0,0,0,,,50.61435075,0,6,0.0,0.0,0,0,2.0
0,1,10.0,https://profi.ru/profile/NaumovDV42/,36.0,1,0,0,0,,5.0,50.815545,5,4,0.0,0.0,0,0,
1,0,16.0,https://profi.ru/profile/NaumovOI4/,23.0,1,0,0,0,,,50.755802,0,13,0.0,0.0,0,0,
1,0,1.0,https://profi.ru/profile/NazarovKV11/,119.0,1,0,"5,0",1,,,50.757730333333335,0,1,0.0,0.0,0,0,12.0
1,0,13.0,https://profi.ru/profile/NazdekovAV/,123.0,1,0,"5,0",7,,,50.7389545,0,0,1.0,0.0,0,0,
1,0,12.0,https://profi.ru/profile/NazhiyevUY2/,93.0,1,0,"5,0",1,,,50.63774,0,2,0.0,0.0,0,0,
1,0,7.0,https://profi.ru/profile/NazmiyevRZ/,105.0,1,0,"5,0",31,,,50.60020108333333,0,0,0.0,1.0,0,0,23.0
0,0,,https://profi.ru/profile/NesterenkoDE2/,96.0,1,0,0,0,,10.0,50.762329,0,0,0.0,0.0,0,0,18.0
1,0,3.0,https://profi.ru/profile/NetsvetayevDV/,67.0,1,0,"4,78",32,,,50.55063644444445,0,0,0.0,0.0,0,0,39.0
0,1,7.0,https://profi.ru/profile/NeustroyevAA2/,106.0,1,0,0,0,,,50.62413,0,0,0.0,0.0,0,0,
0,0,,https://profi.ru/profile/NigamatzyanovMR/,142.0,1,0,0,0,,,50.621821,0,9,0.0,0.0,0,0,15.0
1,0,3.0,https://profi.ru/profile/NigmatovRR2/,154.0,1,0,0,0,,,50.53449618181818,5,0,0.0,0.0,0,0,42.0
1,0,20.0,https://profi.ru/profile/NigmatulinRM3/,117.0,1,0,0,0,,,50.743651,0,0,0.0,0.0,0,0,
0,0,5.0,https://profi.ru/profile/NigmatullinAG2/,102.0,1,0,"3,0",2,,,50.7594485,0,8,0.0,0.0,0,0,4.0
0,1,9.0,https://profi.ru/profile/NigmatzyanovBI/,66.0,1,0,0,0,,,50.767372,0,0,0.0,0.0,0,0,
0,0,15.0,https://profi.ru/profile/NigmatzyanovVR2/,81.0,1,0,"4,67",12,,,50.60757018181818,2,3,1.0,0.0,1,0,63.0
0,1,12.0,https://profi.ru/profile/NikitinDN4/,167.0,1,0,"5,0",8,,,50.80003,0,2,0.0,0.0,0,0,
0,1,11.0,https://profi.ru/profile/NikolayevDV51/,153.0,1,0,"5,0",5,500.0,,50.54198827272728,0,21,0.0,0.0,0,0,
1,0,8.0,https://profi.ru/profile/NikonenkoAV9/,141.0,1,0,"1,0",1,,,50.6587275,0,0,0.0,0.0,0,0,
1,0,7.0,https://profi.ru/profile/NikulinSV42/,66.0,1,0,"5,0",1,,,50.75836,0,0,0.0,0.0,0,0,5.0
1,0,2.0,https://profi.ru/profile/NizamovAA14/,123.0,1,0,0,0,,,50.74576,1,1,0.0,0.0,0,0,21.0
1,0,6.0,https://profi.ru/profile/NugmanovaLT/,155.0,1,0,"5,0",3,,,50.80003,0,2,0.0,0.0,0,0,68.0
1,0,7.0,https://profi.ru/profile/NureyevDM/,115.0,1,0,0,0,,,50.74536466666667,0,1,0.0,0.0,0,0,5.0
1,0,10.0,https://profi.ru/profile/NurgaliyevSK3/,157.0,1,0,0,0,350.0,10.0,50.6038455,0,10,0.0,0.0,0,0,3.0
0,0,,https://profi.ru/profile/NurullinIR4/,24.0,1,0,"4,76",21,,5.0,50.57820255555556,2,24,0.0,0.0,1,0,50.0
1,0,7.0,https://profi.ru/profile/NurzhanovKK2/,48.0,1,0,0,0,,,50.7878395,0,1,0.0,0.0,0,0,6.0
1,0,7.0,https://profi.ru/profile/NusamiyevKS/,139.0,1,0,0,0,,,50.69411266666666,0,0,0.0,0.0,0,0,10.0
1,0,15.0,https://profi.ru/profile/OOOAlfaavto/,115.0,0,12,"5,0",101,500.0,,50.7288305,1,22,0.0,0.0,0,0,
0,1,28.0,https://profi.ru/profile/ObmolovAV/,103.0,1,12,"4,33",6,300.0,,50.7669165,0,0,1.0,0.0,0,0,
1,0,7.0,https://profi.ru/profile/OdinayevAK14/,54.0,1,0,0,0,,,50.748344,0,0,0.0,0.0,0,0,3.0
1,0,19.0,https://profi.ru/profile/OgiiVB/,124.0,1,24,"4,48",21,450.0,,50.7432122,0,2,0.0,1.0,0,0,
0,1,16.0,https://profi.ru/profile/OglyRR/,120.0,1,0,0,0,,,50.764097,0,0,0.0,0.0,0,0,
1,0,6.0,https://profi.ru/profile/OlenichenkoSN/,81.0,1,0,"5,0",26,350.0,10.0,50.7735654,2,16,0.0,0.0,0,0,
1,0,7.0,https://profi.ru/profile/OrekhovZA/,69.0,1,0,0,0,,,50.66056,0,0,0.0,0.0,0,0,3.0
1,0,5.0,https://profi.ru/profile/OsipovIK3/,64.0,1,0,"5,0",1,200.0,,50.53397875,0,7,0.0,0.0,0,0,4.0
0,0,,https://profi.ru/profile/OsipovRN2/,62.0,1,0,"4,93",15,,,50.629072,0,0,0.0,1.0,0,0,
1,1,23.0,https://profi.ru/profile/OsipovRV3/,91.0,1,1,"5,0",35,,,50.787485333333336,0,2,0.0,0.0,0,0,84.0
1,0,7.0,https://profi.ru/profile/OstrovskiyYS2/,37.0,1,0,0,0,,,50.91009,0,0,0.0,0.0,0,0,7.0
0,1,13.0,https://profi.ru/profile/OvchinnikovDS27/,117.0,1,0,0,0,,,50.764668,0,0,0.0,0.0,0,0,
1,0,14.0,https://profi.ru/profile/OvsyankinPS/,100.0,0,0,0,0,,5.0,50.422160000000005,0,10,0.0,0.0,1,0,
1,0,18.0,https://profi.ru/profile/ParukovAA/,61.0,1,0,0,0,,5.0,50.7452795,0,8,0.0,0.0,0,0,
0,0,,https://profi.ru/profile/PatskovGV/,130.0,0,0,"4,76",25,,10.0,50.5184775,0,0,0.0,1.0,1,0,5.0
1,0,2.0,https://profi.ru/profile/PavlovAG38/,87.0,1,0,"5,0",3,,,50.79621766666667,0,17,0.0,0.0,0,0,27.0
1,0,,https://profi.ru/profile/PetrenkoAM24/,88.0,1,0,"5,0",10,250.0,,50.58968909090909,0,0,1.0,0.0,0,0,3.0
1,0,23.0,https://profi.ru/profile/PetuhovDV8/,92.0,1,0,"5,0",2,,,50.81615233333334,0,3,0.0,0.0,0,0,
1,0,10.0,https://profi.ru/profile/PikushevVV/,9.0,1,0,"5,0",40,,,50.62607925,5,0,0.0,1.0,0,0,
0,0,1.0,https://profi.ru/profile/PimoshinAR3/,112.0,1,0,0,0,,,50.768066,0,4,0.0,0.0,0,0,21.0
0,0,,https://profi.ru/profile/PirogovAV25/,93.0,1,0,0,0,,,50.666055,0,0,0.0,0.0,1,0,
1,0,6.0,https://profi.ru/profile/PlastininDA/,123.0,1,0,"5,0",4,,,50.470395375,0,0,0.0,0.0,0,0,75.0
1,0,5.0,https://profi.ru/profile/PlatunovVV/,110.0,1,0,0,0,,,50.606672625,0,4,0.0,0.0,0,0,2.0
0,0,23.0,https://profi.ru/profile/PolatovAV/,18.0,1,0,"5,0",19,,,50.56824566666667,0,0,1.0,0.0,0,0,
1,1,7.0,https://profi.ru/profile/PolonskiiNA/,18.0,1,0,"5,0",112,300.0,,50.602518125,0,87,0.0,0.0,0,0,
1,0,18.0,https://profi.ru/profile/PolushinVS/,133.0,1,0,"5,0",11,300.0,,50.598473,0,13,0.0,1.0,0,0,
1,0,4.0,https://profi.ru/profile/PonomarevOV12/,82.0,1,0,"4,97",147,,5.0,50.61631833333333,0,10,0.0,0.0,0,0,
1,0,23.0,https://profi.ru/profile/PonomarevYB/,157.0,1,0,"5,0",18,,,50.5503386,8,9,0.0,1.0,0,0,
1,0,6.0,https://profi.ru/profile/PopovEV24/,156.0,1,0,"5,0",2,300.0,,50.366941,0,0,0.0,0.0,0,0,76.0
1,0,8.0,https://profi.ru/profile/PopovMO9/,72.0,1,0,"5,0",13,,,50.76278,0,0,0.0,0.0,0,0,
1,0,7.0,https://profi.ru/profile/PopovNO10/,106.0,0,0,"4,76",90,,,50.595647,0,0,0.0,0.0,0,0,23.0
1,0,3.0,https://profi.ru/profile/PotapovIV28/,133.0,1,0,0,0,,,50.767593,0,2,0.0,0.0,0,0,3.0
1,0,1.0,https://profi.ru/profile/ProkhorovNS3/,99.0,1,0,0,0,,,50.7790975,0,0,0.0,0.0,0,0,15.0
0,1,,https://profi.ru/profile/ProkopyevAM2/,57.0,1,0,"4,92",53,,,50.58146466666667,1,1,0.0,0.0,0,0,
1,0,9.0,https://profi.ru/profile/PronozaOV/,102.0,1,12,"4,69",39,300.0,,50.7386725,0,4,0.0,0.0,0,0,
0,1,22.0,https://profi.ru/profile/RafigSR/,103.0,1,0,"5,0",3,,,50.58150081818182,0,0,0.0,0.0,0,0,
0,1,,https://profi.ru/profile/RagimshinKA2/,125.0,1,0,"5,0",3,250.0,,50.663027,0,0,0.0,0.0,0,0,
1,0,7.0,https://profi.ru/profile/RakhmatullinBR/,147.0,1,0,0,0,,,50.6548135,0,0,0.0,0.0,0,0,7.0
1,0,4.0,https://profi.ru/profile/RakhmatullinYG/,134.0,1,0,0,0,,,50.63458057142857,0,0,0.0,0.0,0,0,41.0
0,0,4.0,https://profi.ru/profile/RakhmatullinZF/,148.0,1,0,"5,0",1,,,50.542052727272726,0,7,0.0,0.0,0,0,53.0
0,1,13.0,https://profi.ru/profile/RedyaRS/,56.0,0,0,"4,50",6,,,50.7736315,0,3,1.0,0.0,0,0,
1,0,7.0,https://profi.ru/profile/RengachAS2/,94.0,1,0,0,0,,,50.680424,0,0,0.0,0.0,0,0,9.0
1,0,7.0,https://profi.ru/profile/RepinDN3/,136.0,0,12,"4,89",9,,,50.54495363636364,0,1,0.0,1.0,0,0,30.0
1,0,33.0,https://profi.ru/profile/RodionovMV/,66.0,0,0,"4,79",14,300.0,,50.67235466666667,0,0,0.0,1.0,0,0,
0,0,,https://profi.ru/profile/RomanovIA53/,84.0,1,0,"5,0",14,,,50.6738404,0,0,1.0,0.0,0,0,52.0
0,0,,https://profi.ru/profile/RomanovSS22/,118.0,1,0,"5,0",9,,,50.5386513,0,0,0.0,1.0,0,0,66.0
0,1,7.0,https://profi.ru/profile/RomanovUU2/,177.0,1,0,"4,81",27,,,50.80003,0,0,0.0,1.0,0,0,
0,0,,https://profi.ru/profile/RozikovMM11/,102.0,1,0,"5,0",11,,,50.760233142857146,0,1,1.0,0.0,0,0,19.0
1,0,7.0,https://profi.ru/profile/RudenkoMY6/,101.0,1,0,0,0,,,50.759571,0,0,0.0,0.0,0,0,4.0
0,0,,https://profi.ru/profile/RustamkhanovTZ/,141.0,0,0,0,0,,,50.749704,0,9,0.0,0.0,0,0,2.0
0,0,,https://profi.ru/profile/RyabinkinAA2/,138.0,1,0,"5,0",3,,,50.652146,0,0,0.0,0.0,0,0,74.0
1,0,3.0,https://profi.ru/profile/RyskulovIR2/,140.0,1,0,"4,64",14,1500.0,15.0,50.51000625,0,0,0.0,0.0,0,0,38.0
1,0,7.0,https://profi.ru/profile/RyzhovOA4/,104.0,1,0,0,0,,,50.697267,0,0,0.0,0.0,0,0,4.0
0,0,5.0,https://profi.ru/profile/SabirovAR24/,91.0,1,0,0,0,,,50.782066400000005,0,6,0.0,0.0,0,0,
0,0,4.0,https://profi.ru/profile/SabirovAT2/,97.0,1,0,"4,97",129,,,50.817854,0,3,0.0,1.0,0,0,55.0
1,0,7.0,https://profi.ru/profile/SabirovEA2/,110.0,1,0,"4,43",7,,,50.77325333333334,3,55,0.0,0.0,0,0,18.0
1,0,7.0,https://profi.ru/profile/SabirovTG/,86.0,1,0,0,0,,,50.7126885,6,1,0.0,0.0,0,0,20.0
1,1,7.0,https://profi.ru/profile/SabirzanovAS/,2.0,1,0,"5,0",3,,,70.35963891666667,0,8,0.0,0.0,0,0,
1,0,7.0,https://profi.ru/profile/SabirzyanovAR3/,130.0,1,0,"4,0",3,,,50.78677,0,0,0.0,0.0,0,0,
0,1,,https://profi.ru/profile/SabirzyanovII2/,126.0,1,0,"5,0",1,,,50.764805,0,0,0.0,0.0,0,0,
0,1,5.0,https://profi.ru/profile/SabitovBG/,85.0,1,0,0,0,,,50.718525,0,13,0.0,0.0,0,0,
1,0,7.0,https://profi.ru/profile/SadrievRS/,85.0,0,0,"4,95",340,,,50.76626000000001,0,0,0.0,1.0,0,0,87.0
0,1,17.0,https://profi.ru/profile/SadriyevDI/,111.0,1,0,"5,0",2,,5.0,50.51508455555555,0,0,0.0,0.0,0,0,
1,0,5.0,https://profi.ru/profile/SadykovAM27/,127.0,1,0,0,0,,,50.756574,0,0,0.0,0.0,0,0,2.0
0,1,,https://profi.ru/profile/SafinRI11/,100.0,1,0,"5,0",1,,,50.776609,0,0,0.0,0.0,0,0,
0,1,,https://profi.ru/profile/SafinTR6/,141.0,1,0,"4,0",1,,,50.78409933333333,0,0,0.0,0.0,0,0,
0,0,,https://profi.ru/profile/SafinZR/,130.0,1,0,"5,0",1,,15.0,50.5265364,0,0,0.0,0.0,0,0,5.0
1,0,6.0,https://profi.ru/profile/SafiulinIG/,50.0,1,0,"4,92",12,,,50.7479685,0,0,1.0,0.0,0,0,76.0
0,1,12.0,https://profi.ru/profile/SagdullinLF/,178.0,0,0,"5,0",8,300.0,5.0,50.35116283333334,0,15,1.0,0.0,0,0,
1,0,7.0,https://profi.ru/profile/SagirovRR2/,51.0,1,0,0,0,,,50.7888755,0,0,0.0,0.0,0,0,13.0
1,0,30.0,https://profi.ru/profile/SaifeevAI/,122.0,0,24,"4,25",4,,,50.796474,0,0,0.0,0.0,0,0,
0,0,5.0,https://profi.ru/profile/SalihovAI4/,86.0,1,0,"5,0",2,,,50.7818346,0,4,0.0,0.0,0,0,64.0
1,0,13.0,https://profi.ru/profile/SalikhovIK/,9.0,0,0,"4,82",90,,,50.62717408333333,0,4,1.0,0.0,0,0,
1,0,19.0,https://profi.ru/profile/SalimbayevDS/,147.0,1,0,"5,0",10,,,50.694555,0,4,0.0,0.0,0,0,
1,0,16.0,https://profi.ru/profile/SalimgarayevIM/,153.0,1,0,0,0,,,50.68447566666666,0,0,0.0,0.0,0,0,
0,0,,https://profi.ru/profile/SalmanovAM2/,15.0,1,0,"4,88",34,,10.0,50.5820467,2,0,0.0,1.0,0,0,
1,0,7.0,https://profi.ru/profile/SalyayevAS2/,32.0,1,0,0,0,,,50.93406,0,0,0.0,0.0,0,0,2.0
0,1,17.0,https://profi.ru/profile/SamigullinAA/,72.0,0,0,"5,0",2,,,50.79198,0,0,0.0,0.0,0,0,
1,0,9.0,https://profi.ru/profile/SamoylovAA8/,129.0,1,0,"5,0",4,,,50.736776,0,0,0.0,0.0,0,0,
1,0,4.0,https://profi.ru/profile/SapparovRI/,104.0,1,0,0,0,,,50.7671342,0,0,0.0,0.0,0,0,50.0
1,0,3.0,https://profi.ru/profile/SattarovAN7/,152.0,1,0,0,0,,,50.504114,0,0,0.0,0.0,0,0,
0,0,7.0,https://profi.ru/profile/SattarovRS2/,90.0,0,0,"4,56",48,,,50.65717966666667,5,8,0.0,1.0,1,0,82.0
1,0,5.0,https://profi.ru/profile/SavelevAV55/,95.0,1,0,0,0,,,50.700478,0,0,0.0,0.0,0,0,64.0
1,0,7.0,https://profi.ru/profile/SavgildinKV/,108.0,0,0,"4,84",123,,,50.7703542,0,0,0.0,0.0,0,0,80.0
0,1,11.0,https://profi.ru/profile/SaydelovRA/,145.0,1,0,"4,67",3,,,50.75080566666667,0,0,0.0,0.0,0,0,
1,0,5.0,https://profi.ru/profile/ScherbakovFV/,5.0,1,0,"5,0",28,,,50.65990300000001,0,1,0.0,0.0,0,0,60.0
1,0,1.0,https://profi.ru/profile/SemenovKG3/,165.0,1,0,0,0,,,50.66469333333333,0,0,0.0,0.0,0,0,12.0
0,0,,https://profi.ru/profile/SemenychevSV/,103.0,1,0,"4,0",3,,,50.684257,0,0,0.0,0.0,0,0,21.0
1,0,3.0,https://profi.ru/profile/SemenyukNS2/,105.0,1,0,0,0,,,50.7733806,0,0,0.0,0.0,0,0,
0,1,3.0,https://profi.ru/profile/SergeyevMV24/,64.0,0,0,"4,69",13,1000.0,5.0,50.464361,5,0,1.0,0.0,0,0,
1,0,13.0,https://profi.ru/profile/SergeyevVA34/,154.0,1,0,0,0,,,50.75817375,0,0,0.0,0.0,0,0,
0,0,,https://profi.ru/profile/SergeyevVM8/,112.0,1,0,0,0,,,50.76893975,0,0,0.0,0.0,0,0,42.0
0,0,10.0,https://profi.ru/profile/SevastyanovOV6/,96.0,1,0,0,0,,5.0,50.549325333333336,0,0,0.0,0.0,0,0,1.0
1,0,11.0,https://profi.ru/profile/SevostyanovOV5/,151.0,1,0,"5,0",1,,,50.72429400000001,0,0,0.0,0.0,0,0,
0,0,,https://profi.ru/profile/ShafiyevAF2/,159.0,1,0,0,0,,,50.63080966666666,0,2,0.0,0.0,0,0,19.0
1,0,5.0,https://profi.ru/profile/ShaidullinMR2/,79.0,1,0,"5,0",19,,,50.73523333333333,0,17,0.0,0.0,0,0,63.0
1,0,10.0,https://profi.ru/profile/ShaihutdinovFT/,93.0,1,0,"5,0",29,800.0,,50.53540555555556,0,9,0.0,0.0,0,0,
1,0,27.0,https://profi.ru/profile/ShaihutdinovRR/,88.0,1,36,"5,0",1,500.0,,50.8195965,0,0,0.0,0.0,0,0,
1,0,13.0,https://profi.ru/profile/ShaitanAS/,157.0,0,24,"4,53",89,,,50.63628,0,0,0.0,1.0,0,0,
1,0,6.0,https://profi.ru/profile/ShakarliMS/,64.0,1,0,"5,0",2,,5.0,50.796507000000005,0,2,0.0,0.0,0,0,
0,0,26.0,https://profi.ru/profile/ShakirovAM21/,56.0,1,0,"5,0",2,,,50.54255975,0,8,0.0,0.0,0,0,1.0
0,0,,https://profi.ru/profile/ShakirovEG/,44.0,1,12,"4,92",50,,,50.59489455555556,3,0,0.0,1.0,1,0,65.0
0,0,6.0,https://profi.ru/profile/ShakirovEI3/,155.0,1,0,0,0,150.0,,50.689871333333336,0,0,0.0,0.0,0,0,
1,0,24.0,https://profi.ru/profile/ShakirovIG/,71.0,1,0,"4,69",13,,,50.80012,0,4,0.0,0.0,0,0,
0,0,,https://profi.ru/profile/ShakirovII2/,15.0,1,0,"4,98",1222,,,50.579190636363634,0,0,0.0,0.0,0,0,
1,1,9.0,https://profi.ru/profile/ShakirovII23/,139.0,1,0,"5,0",5,500.0,,50.492086666666665,0,7,0.0,0.0,0,0,
1,0,7.0,https://profi.ru/profile/ShakirovIR8/,134.0,1,0,"5,0",1,,,50.698433666666666,0,7,0.0,0.0,0,0,
1,0,4.0,https://profi.ru/profile/ShakirovRR29/,111.0,0,0,0,0,,,50.7603176,0,0,0.0,0.0,0,0,54.0
0,1,15.0,https://profi.ru/profile/ShakirovRR61/,121.0,1,0,"5,0",7,,100.0,50.80006,0,20,0.0,0.0,0,0,
0,1,7.0,https://profi.ru/profile/ShakirzyanovEI/,155.0,1,0,0,0,,,50.69126633333334,0,0,0.0,0.0,0,0,
0,0,15.0,https://profi.ru/profile/ShakurovEM/,92.0,1,0,0,0,,,50.7773522,0,0,0.0,0.0,0,0,70.0
0,0,,https://profi.ru/profile/ShamsutdinovAG2/,96.0,1,0,"5,0",10,,,50.76995839999999,0,6,0.0,0.0,0,0,62.0
1,0,6.0,https://profi.ru/profile/ShamsutdinovNI/,60.0,1,0,0,0,,,50.4623075,0,0,0.0,0.0,0,0,70.0
0,1,,https://profi.ru/profile/SharafiyevDF/,154.0,1,0,0,0,,,50.63729833333334,0,0,0.0,0.0,0,0,
1,0,5.0,https://profi.ru/profile/SharafutdinovRE/,141.0,1,0,"4,99",67,,,50.5407905,0,0,0.0,1.0,0,0,58.0
1,0,7.0,https://profi.ru/profile/SharayevDL/,140.0,1,0,0,0,,,50.69699566666666,0,14,0.0,0.0,0,0,5.0
0,1,19.0,https://profi.ru/profile/SharipovRR70/,130.0,1,0,0,0,,,50.461005,0,4,0.0,0.0,0,0,
1,0,5.0,https://profi.ru/profile/ShashtingarinovRD2/,132.0,1,0,0,0,,10.0,50.753965,0,0,0.0,0.0,0,0,68.0
1,0,2.0,https://profi.ru/profile/ShavaleyevAF/,98.0,1,0,"4,33",6,,,50.7989886,0,0,1.0,0.0,0,0,18.0
1,0,7.0,https://profi.ru/profile/ShavaliyevVA2/,95.0,1,0,0,0,,,50.69116,0,0,0.0,0.0,0,0,5.0
1,0,12.0,https://profi.ru/profile/ShaydullinDR2/,116.0,1,0,0,0,,,50.74536466666667,2,0,0.0,0.0,0,0,2.0
1,0,7.0,https://profi.ru/profile/ShaygardanovAI/,57.0,1,0,"4,85",73,,,50.618008,0,0,0.0,0.0,0,0,11.0
0,1,,https://profi.ru/profile/ShaykhraziyevBM2/,173.0,1,0,0,0,,,50.6861,0,0,0.0,0.0,0,0,
0,1,5.0,https://profi.ru/profile/ShaykhutdinovSR3/,117.0,1,0,"5,0",8,,,50.5186959,0,6,0.0,1.0,0,0,
0,0,12.0,https://profi.ru/profile/ShaymanovDN/,26.0,1,0,"5,0",1,,,50.95538,0,0,0.0,0.0,0,0,2.0
1,0,3.0,https://profi.ru/profile/ShaymardanovRR2/,21.0,1,0,0,0,,,50.889713,0,0,0.0,0.0,0,0,39.0
1,0,5.0,https://profi.ru/profile/ShigabievFN/,140.0,1,0,"5,0",6,,,50.7420734,0,17,0.0,0.0,0,0,61.0
0,0,,https://profi.ru/profile/ShigabutdinovIE/,154.0,1,1,"4,78",18,,5.0,50.50229228571429,0,0,0.0,1.0,0,0,87.0
1,0,4.0,https://profi.ru/profile/ShigabutdinovRR7/,162.0,1,0,"4,93",122,,,50.4650695,0,0,0.0,0.0,0,0,56.0
1,0,28.0,https://profi.ru/profile/ShigaevGB/,60.0,0,12,"5,0",10,350.0,100.0,50.54278975,4,47,0.0,0.0,1,0,
1,0,9.0,https://profi.ru/profile/ShimYN/,111.0,1,0,"5,0",5,,,50.676949,0,2,1.0,0.0,0,0,
1,0,3.0,https://profi.ru/profile/ShinkarovAS/,120.0,1,0,"5,0",9,,15.0,50.7584735,0,0,0.0,0.0,0,0,
1,0,12.0,https://profi.ru/profile/ShiyapovAY/,144.0,1,0,0,0,,,50.763172,0,19,0.0,0.0,0,0,
0,0,,https://profi.ru/profile/ShoginEG/,125.0,1,1,"5,0",19,350.0,,50.72126075,0,0,0.0,0.0,0,0,120.0
0,0,11.0,https://profi.ru/profile/ShubinVA18/,123.0,1,0,0,0,,,50.758768200000006,0,0,0.0,0.0,0,0,
0,0,23.0,https://profi.ru/profile/ShukurovMS5/,134.0,1,0,"5,0",28,,,50.71186666666667,0,1,0.0,1.0,0,0,46.0
0,1,6.0,https://profi.ru/profile/SibgatullinAA5/,73.0,1,0,0,0,200.0,,50.750459500000005,12,57,0.0,0.0,0,0,
0,0,,https://profi.ru/profile/SibgatullinBI2/,35.0,1,0,"5,0",1,,,50.91302,0,0,0.0,0.0,0,0,38.0
0,0,11.0,https://profi.ru/profile/SidorkinAP/,104.0,0,0,"4,27",11,,,50.59157881818182,0,0,0.0,1.0,1,0,2.0
0,0,,https://profi.ru/profile/SilinNN3/,62.0,1,0,"5,0",4,,,50.46364,0,0,0.0,0.0,0,0,2.0
1,0,7.0,https://profi.ru/profile/SirazutdinovAM/,74.0,1,0,"5,0",5,,,50.611455,0,0,1.0,0.0,0,0,2.0
1,0,5.0,https://profi.ru/profile/SirotovMV/,140.0,1,0,0,0,500.0,,50.5658315,0,0,0.0,0.0,0,0,64.0
0,1,5.0,https://profi.ru/profile/SitdikovII4/,21.0,1,0,0,0,,5.0,50.7593,0,0,0.0,0.0,0,0,
0,1,5.0,https://profi.ru/profile/SkobtsovVA2/,127.0,1,0,"5,0",1,,,50.75428675,0,0,0.0,0.0,0,0,
1,0,1.0,https://profi.ru/profile/SkorobogatovSN2/,54.0,1,0,"5,0",4,,,50.873795,1,0,0.0,0.0,0,0,15.0
1,0,15.0,https://profi.ru/profile/SmalAV6/,107.0,1,0,"5,0",3,,,50.52484655555556,0,15,0.0,0.0,0,0,
1,0,28.0,https://profi.ru/profile/SnegirevVL/,88.0,1,12,"5,0",17,250.0,,50.693281,0,0,1.0,0.0,0,0,
1,0,4.0,https://profi.ru/profile/SolievSN2/,130.0,1,0,0,0,,,50.70534166666667,0,0,0.0,0.0,0,0,41.0
1,0,1.0,https://profi.ru/profile/SolomennikovVR/,138.0,1,0,"4,40",5,,,50.4414154,0,0,1.0,0.0,0,0,14.0
1,0,5.0,https://profi.ru/profile/SoltsynIV/,144.0,0,0,0,0,,,50.6177615,0,2,0.0,0.0,0,0,2.0
1,0,27.0,https://profi.ru/profile/SosnovskiySA4/,60.0,1,0,"4,97",65,,,50.540494875,0,0,0.0,0.0,0,0,
0,1,9.0,https://profi.ru/profile/StalbekUK/,160.0,1,0,"5,0",4,,,50.5063515,0,0,0.0,0.0,0,0,
0,1,7.0,https://profi.ru/profile/StepochkinAS/,88.0,1,0,0,0,,,50.705898000000005,0,0,0.0,0.0,0,0,
1,0,7.0,https://profi.ru/profile/StrizhakIP/,124.0,0,0,"5,0",6,,10.0,50.51037877777778,0,0,1.0,0.0,1,0,28.0
1,0,7.0,https://profi.ru/profile/SuleimanovRR15/,84.0,1,0,"4,83",46,500.0,,50.7938108,0,0,0.0,1.0,0,0,83.0
1,0,5.0,https://profi.ru/profile/SuleymanovIM7/,134.0,1,0,"5,0",3,,,50.57340916666666,0,7,0.0,0.0,0,0,4.0
0,1,7.0,https://profi.ru/profile/SuleymanovRR25/,152.0,1,0,0,0,,,50.6087775,1,2,0.0,0.0,0,0,
1,0,5.0,https://profi.ru/profile/SulimanKA/,62.0,1,0,"5,0",3,,,50.552430625,0,2,0.0,0.0,0,0,55.0
0,0,,https://profi.ru/profile/SultanovIR5/,120.0,1,0,"5,0",1,,,50.7495952,0,4,0.0,0.0,0,0,
0,0,1.0,https://profi.ru/profile/SultanovKR4/,149.0,1,0,"5,0",1,,,50.60514733333333,0,0,0.0,0.0,0,0,
0,0,,https://profi.ru/profile/SungatullinRA/,94.0,1,0,"5,0",2,,,50.687958,2,2,0.0,0.0,0,0,83.0
0,0,,https://profi.ru/profile/SurkovNN2/,173.0,1,0,"5,0",1,,10.0,50.463133625,0,5,0.0,0.0,0,0,17.0
0,0,,https://profi.ru/profile/SuslovAS23/,80.0,1,0,"5,0",37,,,50.56206211111111,0,23,0.0,0.0,0,0,
1,0,5.0,https://profi.ru/profile/SyraevAG/,124.0,1,0,0,0,,,50.78833,0,0,0.0,0.0,0,0,59.0
1,0,1.0,https://profi.ru/profile/TaipovDK/,150.0,1,0,0,0,,,50.6560785,0,0,0.0,0.0,0,0,15.0
0,0,7.0,https://profi.ru/profile/TashevVV/,158.0,1,0,"5,0",10,,,50.60631075,0,1,1.0,0.0,0,0,43.0
0,0,10.0,https://profi.ru/profile/TatanovAA/,54.0,1,0,"4,88",16,,,50.749268,0,0,0.0,1.0,0,0,68.0
0,0,,https://profi.ru/profile/TazetdinovIM2/,153.0,1,0,"5,0",1,,,50.651869,0,0,0.0,0.0,0,0,39.0
1,0,7.0,https://profi.ru/profile/TaziyevAI2/,130.0,1,0,0,0,,5.0,50.7534915,0,0,0.0,0.0,0,0,8.0
1,0,23.0,https://profi.ru/profile/TeplovNF/,105.0,1,0,"4,92",39,,10.0,50.58409044444445,3,0,1.0,0.0,0,0,69.0
0,0,7.0,https://profi.ru/profile/TimerbaievFF/,123.0,1,0,"5,0",1,,,50.6690348,0,5,0.0,0.0,0,0,80.0
1,0,2.0,https://profi.ru/profile/TimirbulatovAA/,150.0,1,0,"5,0",3,,,50.614243,0,0,0.0,0.0,0,0,22.0
1,0,19.0,https://profi.ru/profile/TimoninAA8/,121.0,1,0,"4,80",49,,,50.607486,0,41,0.0,0.0,0,0,
0,0,,https://profi.ru/profile/TimurgaliyevTN/,95.0,1,0,0,0,,5.0,50.7814376,0,0,0.0,0.0,0,0,16.0
1,0,1.0,https://profi.ru/profile/TitovSD5/,121.0,1,0,0,0,,,50.71967833333334,0,0,0.0,0.0,0,0,14.0
1,0,5.0,https://profi.ru/profile/TlepbayevRR/,96.0,1,0,0,0,,,50.802203500000005,0,0,0.0,0.0,0,0,
1,0,5.0,https://profi.ru/profile/TrebikayevAV/,146.0,1,0,0,0,,,50.655016,0,0,0.0,0.0,0,0,3.0
0,0,1.0,https://profi.ru/profile/TretyakovSV19/,110.0,0,0,"4,59",145,,,50.6610445,0,0,0.0,1.0,0,0,23.0
1,0,5.0,https://profi.ru/profile/TrifonovVP3/,102.0,1,0,0,0,,,50.7567335,0,0,0.0,0.0,0,0,3.0
1,0,5.0,https://profi.ru/profile/TrofimovDA55/,157.0,1,0,"5,0",2,,10.0,50.47172222222222,0,0,0.0,0.0,0,0,2.0
0,1,7.0,https://profi.ru/profile/TrofimovVV16/,106.0,1,0,"5,0",85,,,50.5478667,0,41,0.0,0.0,0,0,78.0
0,1,21.0,https://profi.ru/profile/TsaregorodtsevYO/,50.0,1,0,"5,0",1,,,50.525082857142856,0,0,0.0,0.0,0,0,
0,0,12.0,https://profi.ru/profile/TsybinAE2/,133.0,0,0,"4,90",20,,,50.753965,0,0,0.0,1.0,0,0,73.0
1,0,4.0,https://profi.ru/profile/TukhvatullinFR/,145.0,1,0,0,0,,,50.618996,0,0,0.0,0.0,0,0,53.0
1,0,7.0,https://profi.ru/profile/TurayevGN2/,88.0,1,0,0,0,,,50.7825105,0,0,0.0,0.0,0,0,7.0
0,1,,https://profi.ru/profile/TuraykhanovDA/,112.0,1,0,"5,0",1,,,50.778105,0,0,0.0,0.0,0,0,
0,0,1.0,https://profi.ru/profile/TurtsevYY/,138.0,1,0,0,0,,,50.73431,0,0,0.0,0.0,0,0,11.0
0,0,,https://profi.ru/profile/TuturkinAD/,77.0,1,0,0,0,,,50.7804075,0,5,0.0,0.0,0,0,
1,0,7.0,https://profi.ru/profile/TyurinVV12/,77.0,1,0,"5,0",20,,,50.724957,0,10,1.0,0.0,0,0,19.0
0,1,19.0,https://profi.ru/profile/UglavaGD/,45.0,0,0,0,0,,,50.721195,0,0,0.0,0.0,0,0,
1,0,,https://profi.ru/profile/UlasevichDV2/,48.0,1,0,0,0,,,50.74176,0,0,0.0,0.0,0,0,
1,1,18.0,https://profi.ru/profile/UliderovIV/,117.0,0,0,"4,88",26,,,50.755031,0,16,0.0,0.0,0,0,
1,1,10.0,https://profi.ru/profile/UnarovII/,77.0,1,0,"5,0",7,,20.0,50.62961933333334,0,0,0.0,0.0,0,0,
1,0,13.0,https://profi.ru/profile/UsenkoAN3/,100.0,1,0,0,0,,,50.768807,0,0,0.0,0.0,0,0,
0,1,30.0,https://profi.ru/profile/UsmanovVA7/,154.0,1,0,0,0,250.0,5.0,50.650749,4,50,0.0,0.0,0,0,
0,1,,https://profi.ru/profile/VadzhipovRSh/,142.0,1,0,"4,29",7,,,50.72375525,0,0,1.0,0.0,0,0,
1,0,7.0,https://profi.ru/profile/VafinFF2/,131.0,1,0,0,0,,,50.6589585,0,0,0.0,0.0,0,0,2.0
0,1,,https://profi.ru/profile/VafinRI6/,79.0,1,0,"5,0",1,,,50.739107,0,8,0.0,0.0,0,0,
0,1,17.0,https://profi.ru/profile/VagapovDR5/,154.0,1,0,"5,0",5,,,50.611595,0,0,1.0,0.0,0,0,
1,0,5.0,https://profi.ru/profile/VahitovIS3/,46.0,1,0,0,0,,5.0,50.7409915,0,0,0.0,0.0,0,0,55.0
0,0,,https://profi.ru/profile/VahoninAM/,168.0,1,0,"5,0",1,,,50.66613966666667,0,8,0.0,0.0,0,0,66.0
1,0,7.0,https://profi.ru/profile/ValeyevAA22/,102.0,1,0,0,0,,,50.75578225,0,0,0.0,0.0,0,0,1.0
1,0,3.0,https://profi.ru/profile/ValeyevNN/,62.0,1,0,0,0,450.0,,50.8329725,0,0,0.0,0.0,0,0,
1,0,8.0,https://profi.ru/profile/ValeyevRI4/,139.0,1,0,0,0,,,50.513697,0,0,0.0,0.0,0,0,1.0
0,1,12.0,https://profi.ru/profile/ValievAK/,101.0,1,0,"5,0",1,,,50.7645465,0,0,0.0,0.0,0,0,
1,0,5.0,https://profi.ru/profile/ValishovEE2/,117.0,1,0,0,0,,,50.74594266666667,0,0,0.0,0.0,0,0,4.0
1,1,17.0,https://profi.ru/profile/ValiullinMF2/,126.0,1,0,0,0,150.0,,50.73768025,0,16,0.0,0.0,0,0,
1,1,,https://profi.ru/profile/ValiyevKK5/,30.0,1,0,0,0,,,50.745872,0,0,0.0,0.0,0,0,
0,1,10.0,https://profi.ru/profile/VanyushinaLR/,159.0,0,0,"5,0",1,,,50.69317233333334,2,0,0.0,0.0,1,0,
0,1,3.0,https://profi.ru/profile/VasilyevAA208/,132.0,1,0,0,0,,,50.77598533333333,0,10,0.0,0.0,0,0,
0,1,12.0,https://profi.ru/profile/VasilyevRR4/,105.0,1,0,0,0,,,50.768483,0,0,0.0,0.0,0,0,
1,0,19.0,https://profi.ru/profile/VasyutkinMV/,137.0,1,0,"5,0",2,100.0,,50.7590285,0,7,0.0,0.0,0,0,
1,0,26.0,https://profi.ru/profile/VerushkinDO/,111.0,0,0,0,0,,,50.781502,0,0,0.0,0.0,0,0,
1,0,9.0,https://profi.ru/profile/VildanovIA2/,114.0,1,0,"4,99",84,,,50.50562655555555,0,0,0.0,0.0,0,0,
0,1,6.0,https://profi.ru/profile/VitushkinVI/,72.0,1,0,"5,0",8,,10.0,50.571585625,8,0,0.0,0.0,0,0,
1,0,7.0,https://profi.ru/profile/VokhobovYK/,20.0,1,0,0,0,,,50.762974,0,0,0.0,0.0,0,0,9.0
1,0,20.0,https://profi.ru/profile/VorobyevDI11/,130.0,1,0,"4,0",4,,15.0,50.7873815,0,10,0.0,0.0,0,0,
0,0,,https://profi.ru/profile/VoroninAV96/,96.0,1,0,"5,0",1,,,50.7830945,0,0,0.0,0.0,0,0,31.0
1,0,7.0,https://profi.ru/profile/YagushevNR3/,132.0,1,0,"5,0",10,,,50.74580175,0,0,0.0,0.0,0,0,10.0
0,1,,https://profi.ru/profile/YakovlevDA52/,143.0,1,0,"5,0",3,,15.0,50.726854333333335,0,2,0.0,0.0,0,0,
1,0,7.0,https://profi.ru/profile/YarmukhametovAI/,90.0,1,0,"5,0",1,,,50.697995,0,0,0.0,0.0,0,0,7.0
0,0,,https://profi.ru/profile/YashinTS/,119.0,1,0,0,0,,,50.779311,0,0,0.0,0.0,0,0,1.0
0,1,,https://profi.ru/profile/YazdanovRR/,88.0,1,0,"5,0",10,,,50.74531466666667,0,11,0.0,0.0,0,0,
0,1,6.0,https://profi.ru/profile/YazovNI/,31.0,1,0,"3,0",2,500.0,,50.934227,0,2,0.0,0.0,0,0,19.0
0,0,4.0,https://profi.ru/profile/YegorPN/,124.0,1,0,"5,0",71,,,50.575800333333326,0,16,0.0,0.0,0,0,46.0
0,0,5.0,https://profi.ru/profile/YegorovVO9/,81.0,1,0,0,0,,,50.7253815,0,0,0.0,0.0,0,0,8.0
1,0,7.0,https://profi.ru/profile/YelchiyevRM/,145.0,1,0,"5,0",1,,,50.74359175,0,0,0.0,0.0,0,0,
0,0,,https://profi.ru/profile/YelivanovAO/,149.0,1,0,"5,0",3,,,50.76427675,0,4,0.0,0.0,0,0,10.0
1,0,9.0,https://profi.ru/profile/YershovVS11/,169.0,1,0,0,0,,,50.666301,0,0,0.0,0.0,0,0,
1,0,17.0,https://profi.ru/profile/YumanovSN2/,77.0,1,0,"4,91",116,,,50.61600683333333,0,8,0.0,0.0,0,0,
1,0,7.0,https://profi.ru/profile/YunusovAA29/,98.0,1,0,"5,0",1,,,50.7015895,8,41,0.0,0.0,0,0,16.0
0,1,13.0,https://profi.ru/profile/YunusovAM12/,85.0,1,0,"5,0",1,,,50.681246666666674,0,0,0.0,0.0,0,0,
1,0,5.0,https://profi.ru/profile/YunusovNR2/,86.0,1,0,"5,0",35,,,50.78507533333334,0,0,0.0,0.0,0,0,57.0
1,0,7.0,https://profi.ru/profile/YurkovMG/,84.0,1,0,"4,70",10,,,50.8001,0,64,0.0,0.0,0,0,
0,1,7.0,https://profi.ru/profile/YusupovRS5/,32.0,1,0,0,0,,,50.8210565,0,9,0.0,0.0,0,0,
1,0,7.0,https://profi.ru/profile/YusupovVA15/,120.0,1,0,0,0,,,50.680437,0,0,0.0,0.0,0,0,1.0
1,0,5.0,https://profi.ru/profile/YuzayevNA/,120.0,1,0,0,0,,,50.755172,0,0,0.0,0.0,0,0,2.0
1,0,10.0,https://profi.ru/profile/YuzliyevSF/,124.0,1,0,0,0,,,50.73276533333333,0,7,0.0,0.0,0,0,
0,0,,https://profi.ru/profile/ZagidullinAF4/,51.0,1,0,"5,0",6,,,50.58311966666666,0,17,0.0,0.0,0,0,7.0
1,0,11.0,https://profi.ru/profile/ZaidullinRR/,114.0,1,0,0,0,,,50.6769885,0,1,0.0,0.0,0,0,
1,0,7.0,https://profi.ru/profile/ZainutdinovAA/,114.0,1,0,0,0,,,50.67264,0,0,0.0,0.0,0,0,88.0
1,0,5.0,https://profi.ru/profile/ZainutdinovAF2/,98.0,1,0,"4,44",16,,,50.685665,0,0,1.0,0.0,0,0,64.0
0,1,6.0,https://profi.ru/profile/ZakharovYS8/,148.0,1,0,0,0,,,50.6142865,0,0,0.0,0.0,0,0,29.0
1,0,7.0,https://profi.ru/profile/ZakirovKR2/,71.0,1,0,0,0,,,50.816823,0,0,0.0,0.0,0,0,11.0
0,1,42.0,https://profi.ru/profile/ZakirovKZ/,109.0,1,12,"4,79",71,,,50.71452,0,0,0.0,0.0,0,0,
1,0,4.0,https://profi.ru/profile/ZakirzyanovRD3/,131.0,1,0,0,0,,,50.7539856,0,0,0.0,0.0,0,0,41.0
0,0,,https://profi.ru/profile/ZalaltdinovIM/,147.0,1,0,0,0,,,50.64796933333334,0,0,0.0,0.0,0,0,
1,0,4.0,https://profi.ru/profile/ZapparovEE/,70.0,1,0,0,0,,,50.792919,0,0,0.0,0.0,0,0,54.0
1,0,2.0,https://profi.ru/profile/ZaripovDM12/,73.0,1,0,"5,0",3,,,50.51555814285714,0,0,0.0,0.0,0,0,27.0
1,0,7.0,https://profi.ru/profile/ZaripovRR51/,107.0,1,0,"4,65",52,1500.0,10.0,50.583103666666666,0,22,0.0,0.0,0,0,
1,0,2.0,https://profi.ru/profile/ZaripovRR65/,66.0,1,0,"5,0",1,,,50.7127855,0,0,0.0,0.0,0,0,18.0
1,0,5.0,https://profi.ru/profile/ZaynetdinovAI2/,163.0,1,0,0,0,,,50.63222999999999,0,8,0.0,0.0,0,0,1.0
1,0,7.0,https://profi.ru/profile/ZaynullinIF2/,27.0,1,0,0,0,,5.0,50.949726,1,0,0.0,0.0,0,0,14.0
0,1,,https://profi.ru/profile/ZaynullinRS2/,156.0,1,0,"3,0",2,600.0,,50.715639333333336,0,0,0.0,0.0,0,0,
1,0,5.0,https://profi.ru/profile/ZaynullinRS4/,155.0,1,0,0,0,,,50.693801666666666,0,0,0.0,0.0,0,0,4.0
1,0,7.0,https://profi.ru/profile/ZenkovEV4/,41.0,1,0,"4,50",8,,5.0,50.899643,0,0,1.0,0.0,0,0,60.0
1,0,11.0,https://profi.ru/profile/ZhalyalevRZ2/,110.0,1,1,0,0,50000.0,,50.680233,0,7,0.0,0.0,1,0,
1,0,7.0,https://profi.ru/profile/ZharovAS14/,120.0,1,0,0,0,,,50.6947815,0,0,0.0,0.0,0,0,3.0
1,0,5.0,https://profi.ru/profile/ZharovIO/,113.0,1,0,"5,0",17,,10.0,50.46319783333333,0,0,0.0,0.0,0,0,56.0
0,0,,https://profi.ru/profile/ZhernovAA3/,96.0,1,6,"4,94",259,550.0,10.0,50.5688025,0,4,0.0,0.0,0,0,
0,0,,https://profi.ru/profile/ZhukovAF4/,101.0,1,0,"5,0",1,,,50.71289,0,0,0.0,0.0,0,0,4.0
0,0,,https://profi.ru/profile/ZhurayevSA12/,106.0,1,0,"5,0",9,,,50.53236444444445,20,8,1.0,0.0,1,0,
0,0,1.0,https://profi.ru/profile/ZiganshinRR20/,33.0,1,0,"5,0",4,,,50.92352,0,0,0.0,0.0,0,0,10.0
0,0,1.0,https://profi.ru/profile/ZinatullinBA/,102.0,1,0,0,0,,,50.494476,0,0,0.0,0.0,0,0,8.0
0,0,23.0,https://profi.ru/profile/ZinnurovDI2/,108.0,1,0,0,0,,,50.53932,2,3,0.0,0.0,0,0,
1,0,1.0,https://profi.ru/profile/ZiyautdinovFZ/,95.0,1,0,0,0,,,50.787963000000005,0,0,0.0,0.0,0,0,14.0
1,0,7.0,https://profi.ru/profile/ZlobinAA22/,48.0,1,0,0,0,,,50.7987215,0,0,0.0,0.0,0,0,8.0
1,0,10.0,https://profi.ru/profile/ZvitseviLA/,76.0,1,0,"4,76",68,,,50.75345000000001,0,0,0.0,0.0,0,0,
0,1,4.0,https://profi.ru/profile/user5845441/,98.0,0,0,"4,25",16,10000.0,10.0,50.6517825,2,13,0.0,0.0,1,0,45.0
