,has_secondary_sport_education,has_higher_sport_education,sport_master,sport_master_kandidate,is_champion,work_experience,master_id,rang_id,docs_verified,rating,reviews_count,is_recomended,photos_count,is_male,has_price,years_on_profi_ru,price_in_thousands,cur_score_percents,work_experience_sq,reputation_density,reputation_volume_interaction,champion_experience_inter
0,1,0,0,0,0,4.0,https://profi.ru/profile/AbelkhairovaSV/,86.0,1,5.0,5,0,10,0,1,2.4166666666666665,3.2,0.5049348914285714,16.0,1.4634146341463414,8.958797346140274,0.0
1,1,0,0,0,0,19.0,https://profi.ru/profile/AbramovMB/,111.0,0,0.0,0,0,0,1,0,0.16666666666666666,,0.5043367049999999,361.0,0.0,0.0,0.0
2,0,1,1,0,1,8.0,https://profi.ru/profile/AbyasovaAN/,100.0,0,0.0,0,0,0,0,0,2.5833333333333335,,0.503504426,64.0,0.0,0.0,2.5833333333333335
3,1,0,0,0,0,2.0,https://profi.ru/profile/AfanasyevBA4/,144.0,1,0.0,0,0,8,1,1,1.25,2.0,0.503303286,4.0,0.0,0.0,0.0
4,1,0,1,0,0,3.0,https://profi.ru/profile/AgureyevaKM2/,75.0,1,5.0,4,0,0,0,1,0.6666666666666666,3.0,0.5051206914285714,9.0,2.4000000000000004,8.047189562170502,0.0
5,0,1,0,0,0,3.0,https://profi.ru/profile/AkopovaatoyanDA/,116.0,0,5.0,1,0,0,0,1,0.5,2.0,0.50371296,9.0,0.6666666666666666,3.4657359027997265,0.0
6,1,0,0,0,0,7.0,https://profi.ru/profile/AleksandrVA15/,89.0,1,0.0,0,0,8,0,1,0.16666666666666666,2.0,0.50551727,49.0,0.0,0.0,0.0
7,1,0,0,0,0,4.0,https://profi.ru/profile/AleksandrovMV51/,102.0,1,0.0,0,0,8,1,1,1.0,1.5,0.50565134,16.0,0.0,0.0,0.0
8,1,0,1,0,0,13.0,https://profi.ru/profile/AleksandrovaAV87/,93.0,0,0.0,0,0,0,0,1,3.3333333333333335,4.0,0.5045388228571429,169.0,0.0,0.0,0.0
9,1,0,1,0,0,4.0,https://profi.ru/profile/AlekseyevTD2/,113.0,1,5.0,9,0,8,1,1,0.6666666666666666,2.0,0.504995004,16.0,5.4,11.51292546497023,0.0
10,1,0,0,1,1,0.75,https://profi.ru/profile/AlishinAN2/,166.0,0,0.0,0,0,10,1,0,0.75,,0.501,0.5625,0.0,0.0,0.75
11,1,0,1,0,0,11.0,https://profi.ru/profile/AlyautdinovVA/,98.0,1,4.89,9,0,2,1,1,10.75,3.0,0.50560701,121.0,0.7659574468085106,11.259641104740883,0.0
12,1,0,0,0,0,10.0,https://profi.ru/profile/AmirovMU4/,137.0,1,0.0,0,0,4,1,1,0.3333333333333333,2.5,0.5036672625,100.0,0.0,0.0,0.0
13,1,0,0,0,0,5.0,https://profi.ru/profile/AntonovaVG2/,51.0,1,5.0,38,0,20,0,0,5.083333333333333,,0.50517722,25.0,6.2465753424657535,18.317808230648232,0.0
14,1,0,1,0,0,1.0,https://profi.ru/profile/AntropovaDD/,118.0,0,5.0,1,0,5,0,0,1.3333333333333333,,0.5031634420000001,1.0,0.4285714285714286,3.4657359027997265,0.0
15,1,0,0,1,0,4.0,https://profi.ru/profile/ApollonovDA/,171.0,0,0.0,0,0,0,1,0,0.16666666666666666,,0.5016168,16.0,0.0,0.0,0.0
16,1,0,0,0,0,3.0,https://profi.ru/profile/AppayevTM/,120.0,0,5.0,2,0,5,1,0,3.5833333333333335,,0.50577055,9.0,0.4363636363636363,5.493061443340549,0.0
17,0,1,1,0,1,32.0,https://profi.ru/profile/ArtemenkoAV/,112.0,1,4.8,5,0,12,1,1,13.666666666666666,2.5,0.5044250483333333,1024.0,0.34090909090909094,8.600445452294663,13.666666666666666
18,1,0,0,0,0,5.0,https://profi.ru/profile/ArtemenkoYD2/,129.0,0,5.0,7,0,7,1,1,0.6666666666666666,2.5,0.5045936433333333,25.0,4.2,10.39720770839918,0.0
19,0,1,0,0,0,2.75,https://profi.ru/profile/AsanAY/,0.0,1,5.0,42,0,42,0,1,2.75,4.0,0.70384315,7.5625,11.2,18.806000578467813,0.0
20,1,0,0,0,0,14.0,https://profi.ru/profile/AvanesovEA3/,135.0,0,0.0,0,0,9,1,1,1.0,2.0,0.5036666666666667,196.0,0.0,0.0,0.0
21,1,0,0,0,0,9.0,https://profi.ru/profile/AvanesyanLA5/,72.0,0,5.0,3,0,8,0,1,0.5,2.5,0.5050834042857143,81.0,2.0,6.931471805599453,0.0
22,0,1,0,0,0,0.1666666666666666,https://profi.ru/profile/AzhkamalovaKA/,131.0,1,0.0,0,0,9,0,1,0.16666666666666666,3.0,0.5033771871428572,0.027777777777777755,0.0,0.0,0.0
23,1,0,0,0,0,0.25,https://profi.ru/profile/BabenkoAV48/,176.0,1,0.0,0,0,0,1,1,0.25,2.0,0.5014976999999999,0.0625,0.0,0.0,0.0
24,0,1,0,0,0,1.1666666666666667,https://profi.ru/profile/BabenkoNG/,100.0,1,5.0,2,0,0,1,0,1.1666666666666667,,0.5045339649999999,1.3611111111111114,0.9230769230769229,5.493061443340549,0.0
25,0,1,1,0,0,14.0,https://profi.ru/profile/BagatelliDO/,24.0,0,5.0,33,1,5,1,1,6.833333333333333,3.0,0.506174145,196.0,4.212765957446809,17.63180262308081,0.0
26,1,0,1,0,0,17.0,https://profi.ru/profile/BaimyashkinTV/,26.0,1,4.97,29,1,0,1,1,14.0,3.0,0.5062677720000001,289.0,1.9333333333333333,16.903950986860913,0.0
27,0,1,0,0,0,18.0,https://profi.ru/profile/BalashovSU/,13.0,1,5.0,26,1,6,1,1,9.666666666666666,3.5,0.50574296,324.0,2.4375,16.479184330021646,0.0
28,1,0,1,0,1,2.0,https://profi.ru/profile/BaranenkovVA2/,85.0,0,4.85,26,0,3,1,0,2.4166666666666665,,0.505348184,4.0,7.609756097560976,15.984808800120994,2.4166666666666665
29,1,0,0,1,1,14.0,https://profi.ru/profile/BaranovOAs/,44.0,1,5.0,38,0,19,1,1,10.0,2.5,0.5064119,196.0,3.4545454545454546,18.317808230648232,10.0
30,0,1,1,0,1,23.0,https://profi.ru/profile/BarchakovskiiIA/,99.0,1,4.87,76,0,5,1,1,15.166666666666666,4.0,0.5050924257142857,529.0,4.701030927835053,21.154332404427443,15.166666666666666
31,1,0,0,0,0,8.0,https://profi.ru/profile/BarsukovAO2/,68.0,1,5.0,21,1,11,1,1,1.8333333333333333,3.5,0.5059594814285714,64.0,7.411764705882354,15.45521226679158,0.0
32,1,0,0,0,0,6.0,https://profi.ru/profile/BatovAI2/,58.0,1,5.0,14,0,4,1,1,2.3333333333333335,0.85,0.50632963,36.0,4.2,13.54025100551105,0.0
33,0,1,1,0,1,18.0,https://profi.ru/profile/BatyukinMU/,115.0,0,5.0,4,0,3,1,1,7.583333333333333,2.5,0.505267575,324.0,0.4660194174757282,8.047189562170502,7.583333333333333
34,1,0,0,0,0,20.0,https://profi.ru/profile/BazylevPN/,0.0,1,5.0,15,0,7,0,1,0.4166666666666667,3.0,0.7038366,400.0,10.588235294117647,13.862943611198906,0.0
35,0,1,1,0,0,13.0,https://profi.ru/profile/BekAA19/,120.0,0,0.0,0,0,0,1,1,0.6666666666666666,2.0,0.5049323720000001,169.0,0.0,0.0,0.0
36,0,1,1,0,0,6.0,https://profi.ru/profile/BekkerKA/,86.0,1,5.0,26,1,0,0,1,6.916666666666667,2.5,0.504002765,36.0,3.2842105263157895,16.479184330021646,0.0
37,1,0,0,0,0,7.0,https://profi.ru/profile/BelokopytovIA2/,75.0,1,4.96,76,1,7,1,1,3.8333333333333335,3.0,0.505931945,49.0,15.72413793103448,21.54527489239427,0.0
38,1,0,0,0,0,11.0,https://profi.ru/profile/BelousovDD5/,147.0,1,0.0,0,0,0,1,1,1.3333333333333333,2.0,0.5027638666666667,121.0,0.0,0.0,0.0
39,0,0,0,0,0,0.0,https://profi.ru/profile/BelousovMI5/,110.0,0,0.0,0,0,0,1,0,0.0,,0.50404355,0.0,0.0,0.0,0.0
40,1,0,0,1,0,21.0,https://profi.ru/profile/BelovaOV82/,80.0,0,0.0,0,0,0,0,1,0.08333333333333333,2.5,0.50273132,441.0,0.0,0.0,0.0
41,0,1,0,0,0,0.25,https://profi.ru/profile/BezhkoPA/,110.0,0,0.0,0,0,0,1,1,0.25,2.0,0.50325043,0.0625,0.0,0.0,0.0
42,0,1,1,0,0,46.0,https://profi.ru/profile/BitsenkoIV/,119.0,0,0.0,0,0,0,1,1,1.3333333333333333,2.5,0.5048537633333333,2116.0,0.0,0.0,0.0
43,1,0,1,0,1,1.0,https://profi.ru/profile/BogatovDI6/,126.0,1,4.43,7,0,1,1,1,0.4166666666666667,3.0,0.5046606,1.0,4.941176470588235,9.211926029641672,0.4166666666666667
44,0,1,0,0,0,7.0,https://profi.ru/profile/BokrenevVE/,160.0,1,4.86,14,0,7,1,0,7.166666666666667,,0.5010014,49.0,1.714285714285714,13.161123977356741,0.0
45,0,1,1,0,0,11.0,https://profi.ru/profile/BondarenkoIS19/,103.0,1,0.0,0,0,3,0,1,4.166666666666667,4.0,0.5032553974999999,121.0,0.0,0.0,0.0
46,0,1,0,0,0,13.0,https://profi.ru/profile/BorisenkoVK/,71.0,1,4.43,7,0,0,0,1,1.5833333333333333,1.5,0.5046904375,169.0,2.709677419354839,9.211926029641672,0.0
47,1,0,0,0,0,2.0,https://profi.ru/profile/BorisovaAT2/,88.0,0,0.0,0,0,0,0,0,0.6666666666666666,,0.504147744,4.0,0.0,0.0,0.0
48,0,1,1,0,1,31.0,https://profi.ru/profile/BorodinaEO/,45.0,1,5.0,43,1,1,0,1,8.833333333333334,3.5,0.5048075025,961.0,4.372881355932203,18.920948169591306,8.833333333333334
49,1,0,1,0,1,20.0,https://profi.ru/profile/BorunovAM2/,121.0,1,5.0,2,0,48,1,1,5.333333333333333,10.0,0.5049598785714285,400.0,0.31578947368421056,5.493061443340549,5.333333333333333
50,0,1,0,1,1,14.0,https://profi.ru/profile/BoyevKA5/,27.0,0,5.0,34,0,0,1,1,1.4166666666666667,2.5,0.5056566785714286,196.0,14.068965517241377,17.776740307447067,1.4166666666666667
51,1,0,0,0,0,4.0,https://profi.ru/profile/BoykoMK2/,127.0,1,5.0,3,0,6,1,1,2.8333333333333335,2.0,0.5049287342857143,16.0,0.7826086956521738,6.931471805599453,0.0
52,1,0,0,0,0,8.0,https://profi.ru/profile/BudarinDV6/,116.0,1,5.0,3,0,8,1,1,1.75,2.0,0.5056888,64.0,1.0909090909090908,6.931471805599453,0.0
53,0,1,1,0,0,24.0,https://profi.ru/profile/BugayenkoSO/,175.0,0,0.0,0,0,10,0,1,2.5,6.0,0.50342186,576.0,0.0,0.0,0.0
54,0,1,0,0,0,21.0,https://profi.ru/profile/BugrezovRU/,74.0,1,5.0,9,0,3,1,1,4.666666666666667,1.5,0.5061517,441.0,1.588235294117647,11.51292546497023,0.0
55,1,0,1,0,1,12.0,https://profi.ru/profile/BukreyevFA/,94.0,1,0.0,0,0,0,1,1,0.08333333333333333,2.5,0.505269392,144.0,0.0,0.0,0.08333333333333333
56,1,0,0,0,0,20.0,https://profi.ru/profile/BuldakovAA19/,123.0,0,5.0,16,0,1,1,0,1.0,,0.5048018675,400.0,8.0,14.16606672028108,0.0
57,1,0,0,0,0,4.0,https://profi.ru/profile/BurunovSI/,116.0,1,5.0,5,0,8,1,1,4.5,2.5,0.5051298683333334,16.0,0.9090909090909091,8.958797346140274,0.0
58,1,0,1,0,1,12.0,https://profi.ru/profile/BzarovAR3/,140.0,0,0.0,0,0,1,1,1,0.16666666666666666,5.0,0.50333175,144.0,0.0,0.0,0.16666666666666666
59,0,1,1,0,1,14.0,https://profi.ru/profile/ChalyyTY/,163.0,0,5.0,1,0,2,1,1,1.5833333333333333,2.5,0.5010001,196.0,0.38709677419354843,3.4657359027997265,1.5833333333333333
60,0,1,1,0,1,7.0,https://profi.ru/profile/ChepikAS2/,107.0,0,5.0,1,0,6,1,1,0.9166666666666666,5.0,0.5053904614285715,49.0,0.5217391304347826,3.4657359027997265,0.9166666666666666
61,1,0,1,0,0,7.0,https://profi.ru/profile/ChernegovSY/,128.0,0,5.0,1,0,0,1,0,0.9166666666666666,,0.5058432150000001,49.0,0.5217391304347826,3.4657359027997265,0.0
62,1,0,1,0,0,9.0,https://profi.ru/profile/ChernenkoSV9/,66.0,1,4.54,39,0,8,0,1,5.083333333333333,4.0,0.50517268,81.0,6.41095890410959,16.74751272167727,0.0
63,0,1,1,0,0,18.0,https://profi.ru/profile/ChesnakovVV/,20.0,1,5.0,7,0,4,1,1,12.75,3.0,0.505805082,324.0,0.509090909090909,10.39720770839918,0.0
64,1,0,1,0,0,11.0,https://profi.ru/profile/ChigrinaAL/,87.0,1,4.92,13,0,0,0,1,7.666666666666667,4.0,0.5041763228571429,121.0,1.4999999999999998,12.984162061707071,0.0
65,0,1,1,0,1,6.0,https://profi.ru/profile/ChikalkinaAS/,120.0,1,5.0,12,0,5,0,1,6.833333333333333,4.0,0.5036212214285714,36.0,1.5319148936170213,12.824746787307683,6.833333333333333
66,0,1,1,0,1,9.0,https://profi.ru/profile/ChulkovaAS3/,32.0,1,5.0,8,0,4,0,1,7.5,5.0,0.504290685,81.0,0.9411764705882353,10.986122886681098,7.5
67,0,1,0,0,0,2.75,https://profi.ru/profile/ChurovAV3/,104.0,0,5.0,2,0,2,1,1,2.75,2.5,0.506089315,7.5625,0.5333333333333333,5.493061443340549,0.0
68,0,1,0,0,0,20.0,https://profi.ru/profile/DanilovAR/,156.0,1,0.0,0,0,2,1,0,13.0,,0.50212135,400.0,0.0,0.0,0.0
69,1,0,0,0,0,7.0,https://profi.ru/profile/DanilovBS2/,42.0,1,5.0,12,0,0,1,0,6.75,,0.5062221,49.0,1.5483870967741935,12.824746787307683,0.0
70,0,1,1,0,1,20.0,https://profi.ru/profile/DembovskiyAV/,167.0,1,0.0,0,0,0,1,1,0.5,2.0,0.502790665,400.0,0.0,0.0,0.5
71,1,0,1,0,1,4.0,https://profi.ru/profile/DementevaEA13/,82.0,0,5.0,4,0,1,0,1,5.75,5.0,0.5026863,16.0,0.5925925925925926,8.047189562170502,5.75
72,1,0,0,0,0,20.0,https://profi.ru/profile/DemidovaLD/,12.0,1,5.0,2,0,10,0,1,0.16666666666666666,3.0,0.5052024500000001,400.0,1.7142857142857142,5.493061443340549,0.0
73,0,1,1,0,1,15.0,https://profi.ru/profile/DenisovIA9/,109.0,1,5.0,4,0,0,1,0,6.916666666666667,,0.5054722859999999,225.0,0.5052631578947369,8.047189562170502,6.916666666666667
74,1,0,0,0,0,8.0,https://profi.ru/profile/DeringRA/,113.0,0,5.0,8,0,0,1,0,0.75,,0.5053714166666666,64.0,4.571428571428571,10.986122886681098,0.0
75,1,0,0,0,0,14.0,https://profi.ru/profile/DrobyshevskiiUA/,150.0,0,0.0,0,0,0,1,1,6.916666666666667,1.5,0.5033858766666666,196.0,0.0,0.0,0.0
76,0,1,1,0,1,7.0,https://profi.ru/profile/DrozhzhinaMP/,27.0,1,5.0,17,1,2,0,1,4.0,5.0,0.50448025,49.0,3.4,14.451858789480823,4.0
77,1,0,0,0,0,2.0,https://profi.ru/profile/DurmanovIV2/,144.0,0,5.0,5,0,0,1,0,2.5,,0.5046089266666667,4.0,1.4285714285714286,8.958797346140274,0.0
78,0,1,1,0,0,3.0,https://profi.ru/profile/DyachenkoVV41/,106.0,0,5.0,2,0,0,0,1,0.5,4.5,0.50399245,9.0,1.3333333333333333,5.493061443340549,0.0
79,1,0,1,0,1,5.0,https://profi.ru/profile/DyakovMV5/,189.0,0,0.0,0,0,8,1,1,2.75,4.0,0.501,25.0,0.0,0.0,2.75
80,0,1,0,0,0,5.0,https://profi.ru/profile/EfremovaAA38/,92.0,0,0.0,0,0,0,0,1,5.25,5.5,0.5045083571428571,25.0,0.0,0.0,0.0
81,0,1,1,0,0,24.0,https://profi.ru/profile/EliseevDV2/,10.0,1,5.0,18,1,0,1,1,9.0,2.5,0.506206926,576.0,1.8,14.722194895832201,0.0
82,1,0,1,0,0,5.0,https://profi.ru/profile/FadeyevTD/,122.0,1,5.0,3,0,6,1,1,1.6666666666666667,1.0,0.5048633016666667,25.0,1.1249999999999998,6.931471805599453,0.0
83,0,1,1,0,1,22.0,https://profi.ru/profile/FarafonovAM/,107.0,1,5.0,4,0,16,1,1,15.833333333333334,5.0,0.5051379142857143,484.0,0.23762376237623759,8.047189562170502,15.833333333333334
84,0,1,1,0,0,24.0,https://profi.ru/profile/FedorinaAV/,34.0,1,5.0,6,0,7,0,1,6.333333333333333,3.5,0.50415177,576.0,0.8181818181818182,9.729550745276565,0.0
85,1,0,1,0,0,14.0,https://profi.ru/profile/FedorovaDV29/,91.0,1,4.81,21,1,10,0,1,3.5,2.3,0.50458968,196.0,4.666666666666667,14.8679142006535,0.0
86,1,0,0,1,0,5.0,https://profi.ru/profile/FedorovichAN5/,45.0,1,5.0,13,0,5,0,0,1.75,,0.5053014371428571,25.0,4.7272727272727275,13.195286648076292,0.0
87,1,0,0,0,0,10.0,https://profi.ru/profile/FedorovichNN/,83.0,1,0.0,0,0,2,1,1,0.5,2.0,0.50402008,100.0,0.0,0.0,0.0
88,0,1,1,0,0,4.0,https://profi.ru/profile/FilatkinLI/,98.0,0,5.0,5,0,0,1,1,4.5,2.5,0.505622715,16.0,0.9090909090909091,8.958797346140274,0.0
89,1,0,1,0,0,5.0,https://profi.ru/profile/FilippovID2/,70.0,1,5.0,8,0,7,1,1,5.666666666666667,2.5,0.5055720714285714,25.0,1.2,10.986122886681098,0.0
90,1,0,1,0,0,1.0,https://profi.ru/profile/FomichevYV10/,105.0,1,5.0,2,0,4,1,1,0.5833333333333334,2.5,0.5056690628571429,1.0,1.263157894736842,5.493061443340549,0.0
91,0,0,0,0,0,24.0,https://profi.ru/profile/GalustyanAR2/,58.0,1,4.96,161,1,14,1,1,9.833333333333334,6.0,0.505,576.0,14.86153846153846,25.234477822752623,0.0
92,0,0,0,0,0,20.0,https://profi.ru/profile/GamoraDA/,51.0,1,4.91,45,1,7,0,1,6.25,3.5,0.5053493885714285,400.0,6.206896551724138,18.79862925676146,0.0
93,1,0,1,0,1,3.0,https://profi.ru/profile/GayvoronskiyMG/,84.0,1,5.0,25,0,8,1,1,3.5,4.0,0.5057426033333333,9.0,5.555555555555555,16.29048269010741,3.5
94,0,1,1,0,0,8.0,https://profi.ru/profile/GerasimchukAI4/,105.0,0,0.0,0,0,0,1,0,0.25,,0.5044047150000001,64.0,0.0,0.0,0.0
95,0,0,0,0,0,9.0,https://profi.ru/profile/GerlakhDO/,35.0,0,5.0,2,0,2,0,1,1.9166666666666667,5.0,0.504109825,81.0,0.6857142857142856,5.493061443340549,0.0
96,0,0,0,0,0,2.0,https://profi.ru/profile/GlotovPV2/,76.0,1,5.0,6,0,0,1,1,2.5,2.0,0.50632315,4.0,1.7142857142857142,9.729550745276565,0.0
97,1,0,0,1,0,3.0,https://profi.ru/profile/GolovachAY/,113.0,0,0.0,0,0,10,0,1,1.5833333333333333,7.0,0.5037561157142857,9.0,0.0,0.0,0.0
98,0,0,0,1,0,26.0,https://profi.ru/profile/GolovkovDA5/,54.0,1,5.0,23,0,2,1,0,1.3333333333333333,,0.506254415,676.0,9.857142857142858,15.890269151739728,0.0
99,0,1,0,1,0,5.0,https://profi.ru/profile/GoncharenkoVO5/,76.0,1,4.82,33,0,11,0,1,1.75,4.0,0.5048251228571429,25.0,12.0,16.9970577286499,0.0
100,0,1,0,0,0,5.0,https://profi.ru/profile/GoncharovaSA26/,145.0,0,4.0,1,0,7,0,0,0.3333333333333333,,0.50233092,25.0,0.75,2.772588722239781,0.0
101,1,0,0,0,0,0.25,https://profi.ru/profile/GorbachevAM10/,131.0,0,0.0,0,0,9,1,1,0.25,2.5,0.5038963320000001,0.0625,0.0,0.0,0.0
102,1,0,1,0,0,12.0,https://profi.ru/profile/GorbunovaAV28/,46.0,0,5.0,7,0,0,0,0,5.083333333333333,,0.50529245,144.0,1.1506849315068495,10.39720770839918,0.0
103,1,0,0,0,0,16.0,https://profi.ru/profile/GorelikovSV2/,196.0,1,0.0,0,0,0,1,1,0.16666666666666666,2.5,0.50118465,256.0,0.0,0.0,0.0
104,1,0,1,0,1,13.0,https://profi.ru/profile/GorokhovMO2/,79.0,0,0.0,0,0,4,1,0,0.75,,0.50405476,169.0,0.0,0.0,0.75
105,1,0,1,0,1,20.0,https://profi.ru/profile/GostevNN/,84.0,1,4.94,18,0,0,1,1,14.25,3.0,0.5055076471428571,400.0,1.180327868852459,14.545528557082216,14.25
106,1,0,1,0,1,14.0,https://profi.ru/profile/GromadskiiRV2/,65.0,1,5.0,65,1,13,1,1,6.833333333333333,4.0,0.505,196.0,8.297872340425533,20.948273710132128,6.833333333333333
107,0,1,1,0,0,30.0,https://profi.ru/profile/GudilinSA2/,90.0,1,4.82,38,1,4,1,1,7.583333333333333,5.5,0.504651788,900.0,4.427184466019418,17.658367134344896,0.0
108,1,0,0,0,0,13.0,https://profi.ru/profile/GudkoAB/,20.0,1,0.0,0,0,0,1,1,0.16666666666666666,2.0,0.5098145000000001,169.0,0.0,0.0,0.0
109,1,0,0,0,0,5.0,https://profi.ru/profile/GuninaEA/,119.0,1,5.0,8,0,8,0,1,6.25,3.0,0.5036620914285713,25.0,1.103448275862069,10.986122886681098,0.0
110,0,1,1,0,1,11.0,https://profi.ru/profile/HamidulinTR2/,114.0,1,4.95,59,0,0,1,0,11.833333333333334,,0.505001314,121.0,4.597402597402597,20.2670055829994,11.833333333333334
111,0,1,1,0,0,27.0,https://profi.ru/profile/HanevskiiEN/,73.0,0,5.0,11,0,4,1,1,15.416666666666666,3.0,0.504864952,729.0,0.6700507614213199,12.424533248940001,0.0
112,0,1,0,0,0,27.0,https://profi.ru/profile/HlestovaEU/,100.0,1,4.47,15,0,0,0,1,11.583333333333334,2.0,0.5044658328571429,729.0,1.1920529801324502,12.39347158841182,0.0
113,0,1,1,0,1,7.0,https://profi.ru/profile/HlynovaKA2/,100.0,1,0.0,0,0,3,0,1,4.666666666666667,3.0,0.5042814457142857,49.0,0.0,0.0,4.666666666666667
114,0,1,1,0,1,27.0,https://profi.ru/profile/HusnullinAU/,56.0,1,4.9,51,1,41,1,1,10.666666666666666,2.0,0.506029376,729.0,4.371428571428572,19.361094221048997,10.666666666666666
115,0,1,1,0,1,11.0,https://profi.ru/profile/IgamberdyevTA/,92.0,0,0.0,0,0,0,1,1,9.5,5.0,0.5052228559999999,121.0,0.0,0.0,9.5
116,1,0,1,0,0,1.0,https://profi.ru/profile/IlinaPD4/,28.0,1,5.0,6,0,6,0,1,3.1666666666666665,3.0,0.5057689085714285,1.0,1.4400000000000002,9.729550745276565,0.0
117,0,1,1,0,1,26.0,https://profi.ru/profile/IlinyhMV5/,145.0,1,0.0,0,0,0,1,0,6.75,,0.50279161,676.0,0.0,0.0,6.75
118,0,1,1,0,1,17.0,https://profi.ru/profile/IlyahinAI/,132.0,1,5.0,7,0,0,1,1,6.0,3.0,0.504685008,289.0,1.0,10.39720770839918,6.0
119,1,0,1,0,0,10.0,https://profi.ru/profile/IpatovaYP3/,82.0,1,5.0,1,0,0,0,1,0.5833333333333334,3.0,0.5047639171428572,100.0,0.631578947368421,3.4657359027997265,0.0
120,0,1,1,0,0,28.0,https://profi.ru/profile/IreshevSV/,60.0,1,4.95,19,0,7,1,1,10.333333333333334,4.0,0.505,784.0,1.676470588235294,14.828874754092256,0.0
121,0,1,1,0,0,21.0,https://profi.ru/profile/IsaevaUS/,60.0,1,4.86,7,0,0,0,1,15.833333333333334,2.8,0.50363525,441.0,0.41584158415841577,10.106085892564002,0.0
122,1,0,1,0,1,12.0,https://profi.ru/profile/IsayevaDI3/,117.0,0,0.0,0,0,3,0,1,1.1666666666666667,3.5,0.5014300500000001,144.0,0.0,0.0,1.1666666666666667
123,1,0,0,0,0,13.0,https://profi.ru/profile/IslamovMM9/,121.0,1,5.0,1,0,0,1,0,1.75,,0.505225616,169.0,0.36363636363636365,3.4657359027997265,0.0
124,1,0,0,0,0,26.0,https://profi.ru/profile/IvanovAV979/,114.0,0,5.0,5,0,12,1,0,4.5,,0.50556855,676.0,0.9090909090909091,8.958797346140274,0.0
125,0,1,0,0,0,7.0,https://profi.ru/profile/IvanovLU3/,111.0,1,0.0,0,0,7,1,1,6.833333333333333,2.0,0.5047587583333333,49.0,0.0,0.0,0.0
126,1,0,0,0,0,0.0833333333333333,https://profi.ru/profile/IvanovSK26/,192.0,0,0.0,0,0,0,1,0,0.08333333333333333,,0.501,0.006944444444444439,0.0,0.0,0.0
127,0,1,1,0,0,2.0,https://profi.ru/profile/IvanovYS41/,10.0,1,5.0,16,1,1,1,0,2.5833333333333335,,0.5063184457142857,4.0,4.465116279069767,14.16606672028108,0.0
128,1,0,0,0,0,1.0,https://profi.ru/profile/IvanovaYA407/,89.0,1,5.0,3,0,3,0,1,1.5,1.5,0.5047545442857143,1.0,1.2,6.931471805599453,0.0
129,1,0,0,0,0,2.0,https://profi.ru/profile/IvashchenkoAA24/,153.0,1,0.0,0,0,0,0,1,0.25,3.0,0.50048183,4.0,0.0,0.0,0.0
130,1,0,1,0,0,10.0,https://profi.ru/profile/KabardinTI/,101.0,1,4.81,54,1,472,1,0,6.083333333333333,,0.505561254,100.0,7.623529411764706,19.275272620968185,0.0
131,0,1,1,0,1,10.0,https://profi.ru/profile/KadagishviliNR/,119.0,1,0.0,0,0,0,0,1,1.5833333333333333,3.0,0.40130232499999996,100.0,0.0,0.0,1.5833333333333333
132,0,1,1,0,1,0.5,https://profi.ru/profile/KanarskayaSS2/,116.0,1,0.0,0,0,0,0,1,0.5,2.0,0.50368908,0.25,0.0,0.0,0.5
133,1,0,0,0,0,7.0,https://profi.ru/profile/KanunnikovaPA2/,135.0,1,5.0,1,0,19,0,1,1.0,3.5,0.5009446,49.0,0.5,3.4657359027997265,0.0
134,0,1,1,0,1,9.0,https://profi.ru/profile/KapitanovaYY/,104.0,1,0.0,0,0,10,0,1,1.75,4.0,0.501381625,81.0,0.0,0.0,1.75
135,0,1,0,1,1,10.0,https://profi.ru/profile/KaravayevaAY7/,96.0,1,5.0,1,0,2,0,1,0.3333333333333333,3.5,0.5042691042857144,100.0,0.75,3.4657359027997265,0.3333333333333333
136,0,1,1,0,0,15.0,https://profi.ru/profile/KarbyshevaSA/,94.0,0,5.0,2,0,5,0,1,3.6666666666666665,4.0,0.5044035671428572,225.0,0.4285714285714286,5.493061443340549,0.0
137,0,1,1,0,1,5.0,https://profi.ru/profile/KarpovIP6/,52.0,1,5.0,31,1,10,1,1,1.5,3.0,0.5054803600000001,25.0,12.4,17.328679513998633,1.5
138,1,0,1,0,0,28.0,https://profi.ru/profile/KarpovSN3/,81.0,1,4.95,41,0,10,1,1,7.5,3.0,0.504855164,784.0,4.823529411764706,18.501464610502673,0.0
139,0,1,1,0,1,3.75,https://profi.ru/profile/KashkoMA/,97.0,1,5.0,7,0,0,0,1,3.75,2.5,0.5044507071428571,14.0625,1.4736842105263157,10.39720770839918,3.75
140,0,0,0,0,0,23.0,https://profi.ru/profile/KazakovSA18/,90.0,0,5.0,11,0,3,1,0,5.416666666666667,,0.50573557,529.0,1.7142857142857142,12.424533248940001,0.0
141,1,0,0,1,0,15.0,https://profi.ru/profile/KazakovaPO2/,2.0,1,5.0,19,0,9,0,1,2.9166666666666665,2.4,0.507200085,225.0,4.851063829787234,14.978661367769954,0.0
142,0,1,0,0,0,23.0,https://profi.ru/profile/KharkoDA2/,66.0,1,0.0,0,0,0,0,1,1.8333333333333333,10.0,0.5043467150000001,529.0,0.0,0.0,0.0
143,1,0,1,0,1,8.0,https://profi.ru/profile/KharziyanNT/,166.0,0,0.0,0,0,0,1,0,0.8333333333333334,,0.5037019633333333,64.0,0.0,0.0,0.8333333333333334
144,1,0,1,0,0,12.0,https://profi.ru/profile/KhatseyAI/,111.0,1,0.0,0,0,5,0,1,3.1666666666666665,2.7,0.5037922014285714,144.0,0.0,0.0,0.0
145,1,0,0,0,0,24.0,https://profi.ru/profile/KhodykinVV2/,136.0,0,0.0,0,0,0,1,0,0.16666666666666666,,0.50436503,576.0,0.0,0.0,0.0
146,0,1,1,0,1,6.0,https://profi.ru/profile/KhomchenkoMM/,90.0,1,5.0,3,0,8,0,1,0.08333333333333333,5.0,0.5043853514285714,36.0,2.7692307692307696,6.931471805599453,0.08333333333333333
147,0,1,0,1,0,15.0,https://profi.ru/profile/KhulapovaLY/,107.0,0,0.0,0,0,9,0,1,0.16666666666666666,2.5,0.5038696185714285,225.0,0.0,0.0,0.0
148,1,0,1,0,1,14.0,https://profi.ru/profile/KhvatovaAI2/,131.0,0,0.0,0,0,0,0,0,2.4166666666666665,,0.50061346,196.0,0.0,0.0,2.4166666666666665
149,1,0,1,0,1,1.8333333333333333,https://profi.ru/profile/KibalnichenkoDR/,70.0,1,5.0,9,0,0,1,1,1.8333333333333333,2.5,0.506360515,3.3611111111111107,3.1764705882352944,11.51292546497023,1.8333333333333333
150,0,1,1,0,0,9.0,https://profi.ru/profile/KirilenkoMV3/,115.0,1,5.0,45,1,13,1,1,6.166666666666667,3.0,0.50488604,81.0,6.27906976744186,19.143206982445477,0.0
151,1,0,0,0,0,24.0,https://profi.ru/profile/KirilinIV6/,162.0,0,0.0,0,0,0,1,0,0.25,,0.50311117,576.0,0.0,0.0,0.0
152,1,0,1,0,1,16.0,https://profi.ru/profile/KiselevDA/,124.0,1,5.0,15,1,0,1,1,13.5,3.0,0.5046113414285714,256.0,1.0344827586206897,13.862943611198906,13.5
153,0,0,0,0,0,1.0,https://profi.ru/profile/KlichnikovAY/,117.0,0,5.0,2,0,0,1,1,1.0,2.0,0.5055036875,1.0,1.0,5.493061443340549,0.0
154,1,0,0,0,0,20.0,https://profi.ru/profile/KlimovNS6/,82.0,1,5.0,7,0,5,1,1,3.8333333333333335,3.0,0.5061312499999999,400.0,1.4482758620689653,10.39720770839918,0.0
155,1,0,0,0,0,5.0,https://profi.ru/profile/KnyazevSV14/,116.0,1,5.0,41,0,6,1,1,5.75,3.0,0.504903506,25.0,6.074074074074074,18.68834809141684,0.0
156,0,0,0,0,0,7.0,https://profi.ru/profile/KolobaevNE/,113.0,1,4.78,18,0,4,1,1,4.75,5.0,0.5049253414285715,49.0,3.130434782608696,14.074418320415585,0.0
157,1,0,0,1,1,14.0,https://profi.ru/profile/KondratyukSM2/,105.0,0,0.0,0,0,0,0,1,0.08333333333333333,3.5,0.40177422,196.0,0.0,0.0,0.08333333333333333
158,1,0,1,0,0,12.0,https://profi.ru/profile/KorAD4/,124.0,0,0.0,0,0,5,0,0,0.25,,0.5013264000000001,144.0,0.0,0.0,0.0
159,0,1,1,0,1,5.0,https://profi.ru/profile/KorelovRG2/,109.0,0,5.0,1,0,0,1,1,0.08333333333333333,5.0,0.5054467014285714,25.0,0.9230769230769231,3.4657359027997265,0.08333333333333333
160,0,1,0,0,0,6.0,https://profi.ru/profile/KorolevMN8/,61.0,1,5.0,8,0,0,1,1,6.166666666666667,2.0,0.5052386400000001,36.0,1.1162790697674418,10.986122886681098,0.0
161,1,0,1,0,0,4.0,https://profi.ru/profile/KostinaVO5/,57.0,0,4.88,8,0,9,0,1,1.6666666666666667,2.5,0.50366985,16.0,2.9999999999999996,10.72245593740075,0.0
162,1,0,0,0,0,5.0,https://profi.ru/profile/KotovMA34/,81.0,0,5.0,4,0,9,1,1,1.75,2.5,0.50644175,25.0,1.4545454545454546,8.047189562170502,0.0
163,0,1,1,0,1,0.9166666666666666,https://profi.ru/profile/KovalevaAO28/,101.0,0,5.0,1,0,0,0,0,0.9166666666666666,,0.5040523125,0.8402777777777777,0.5217391304347826,3.4657359027997265,0.9166666666666666
164,0,1,1,0,0,15.0,https://profi.ru/profile/KovyrinAV/,107.0,1,5.0,16,1,5,1,1,6.166666666666667,4.0,0.5045144266666667,225.0,2.2325581395348837,14.16606672028108,0.0
165,1,0,1,0,0,6.0,https://profi.ru/profile/KrasnovaDM/,104.0,1,5.0,12,0,0,0,1,6.916666666666667,6.0,0.5040180571428572,36.0,1.5157894736842106,12.824746787307683,0.0
166,1,0,1,0,1,22.0,https://profi.ru/profile/KravtsovAS/,16.0,1,4.89,27,1,0,1,1,11.666666666666666,5.0,0.505666534,484.0,2.1315789473684212,16.294480054756747,11.666666666666666
167,1,0,0,1,0,7.0,https://profi.ru/profile/KremenskiyMI3/,170.0,1,0.0,0,0,0,1,1,0.08333333333333333,2.0,0.501,49.0,0.0,0.0,0.0
168,1,0,1,0,1,3.75,https://profi.ru/profile/KrupeninaMP/,94.0,1,5.0,2,0,8,0,1,3.75,3.0,0.5042735042857143,14.0625,0.42105263157894735,5.493061443340549,3.75
169,0,1,1,0,1,13.0,https://profi.ru/profile/KudryavtsevPA7/,132.0,0,5.0,7,0,10,1,1,5.5,3.5,0.5048926,169.0,1.0769230769230769,10.39720770839918,5.5
170,1,0,1,0,1,6.0,https://profi.ru/profile/KukasyanAA/,122.0,0,0.0,0,0,0,1,0,3.8333333333333335,,0.5039589800000001,36.0,0.0,0.0,3.8333333333333335
171,1,0,0,0,0,2.0,https://profi.ru/profile/KulloNK/,71.0,1,0.0,0,0,0,0,0,2.6666666666666665,,0.5032042,4.0,0.0,0.0,0.0
172,0,1,0,0,0,14.0,https://profi.ru/profile/KultanenLA/,11.0,1,5.0,2,0,3,0,1,6.583333333333333,1.0,0.5055138400000001,196.0,0.26373626373626374,5.493061443340549,0.0
173,1,0,0,0,0,3.0,https://profi.ru/profile/KuprashviliMD2/,69.0,1,5.0,6,0,5,0,1,1.1666666666666667,4.0,0.5047332,9.0,2.7692307692307687,9.729550745276565,0.0
174,0,0,0,0,0,3.8333333333333335,https://profi.ru/profile/KuznetsovaMI22/,109.0,1,5.0,7,0,105,0,0,3.8333333333333335,,0.503305824,14.694444444444446,1.4482758620689653,10.39720770839918,0.0
175,0,1,1,0,0,6.0,https://profi.ru/profile/LagutinaPS2/,103.0,1,5.0,5,0,5,0,0,2.9166666666666665,,0.503860072,36.0,1.2765957446808511,8.958797346140274,0.0
176,0,0,0,0,0,7.0,https://profi.ru/profile/LapinAV24/,108.0,1,5.0,10,0,5,1,1,4.833333333333333,2.2,0.505114348,49.0,1.7142857142857144,11.989476363991853,0.0
177,0,1,1,0,1,5.0,https://profi.ru/profile/LaruLO/,12.0,1,5.0,9,0,23,0,1,5.583333333333333,3.5,0.50548856,25.0,1.3670886075949367,11.51292546497023,5.583333333333333
178,1,0,1,0,0,4.0,https://profi.ru/profile/LatypovAU4/,188.0,0,0.0,0,0,0,1,0,0.25,,0.5019293433333334,16.0,0.0,0.0,0.0
179,1,0,1,0,0,18.0,https://profi.ru/profile/LavrichenkoDD/,137.0,0,0.0,0,0,0,0,1,0.9166666666666666,3.5,0.50091633,324.0,0.0,0.0,0.0
180,0,1,0,0,0,0.8333333333333334,https://profi.ru/profile/LayshaVA/,163.0,0,0.0,0,0,0,1,0,0.8333333333333334,,0.50204918,0.6944444444444445,0.0,0.0,0.0
181,1,0,1,0,1,21.0,https://profi.ru/profile/LazarevaMV23/,96.0,1,5.0,3,0,2,0,1,4.916666666666667,5.0,0.505227625,441.0,0.5070422535211268,6.931471805599453,4.916666666666667
182,1,0,1,0,1,5.0,https://profi.ru/profile/LebedevIV28/,127.0,0,5.0,2,0,4,1,1,5.083333333333333,3.0,0.5048781999999999,25.0,0.32876712328767127,5.493061443340549,5.083333333333333
183,0,1,1,0,0,8.0,https://profi.ru/profile/LeksakovAA/,117.0,1,0.0,0,0,15,1,1,5.583333333333333,2.5,0.504316635,64.0,0.0,0.0,0.0
184,1,0,1,0,0,2.5,https://profi.ru/profile/LetunovaMA/,37.0,0,5.0,2,0,4,0,1,1.6666666666666667,2.0,0.505790432,6.25,0.7499999999999999,5.493061443340549,0.0
185,1,0,0,1,0,5.0,https://profi.ru/profile/LevchenkoAS35/,17.0,0,5.0,20,0,3,1,1,3.25,4.0,0.5058403899999999,25.0,4.705882352941177,15.222612188617115,0.0
186,0,1,1,0,0,15.0,https://profi.ru/profile/LevitskayaPF/,26.0,1,5.0,1,0,0,0,1,6.0,3.5,0.50448265,225.0,0.14285714285714285,3.4657359027997265,0.0
187,1,0,0,0,0,1.0,https://profi.ru/profile/LifanovPA2/,144.0,0,0.0,0,0,0,1,1,0.3333333333333333,2.5,0.503624185,1.0,0.0,0.0,0.0
188,0,1,1,0,1,11.0,https://profi.ru/profile/LinkvistBB/,36.0,0,5.0,11,0,8,1,1,3.8333333333333335,2.5,0.5052442349999999,121.0,2.275862068965517,12.424533248940001,3.8333333333333335
189,0,1,0,1,0,5.0,https://profi.ru/profile/LobanovaSS2/,120.0,0,5.0,2,0,5,0,1,5.5,3.5,0.50136482,25.0,0.3076923076923077,5.493061443340549,0.0
190,1,0,0,0,0,4.0,https://profi.ru/profile/LosevMM4/,50.0,1,5.0,22,1,0,1,0,3.6666666666666665,,0.505462486,16.0,4.714285714285715,15.677471079645748,0.0
191,1,0,1,0,1,5.0,https://profi.ru/profile/LoyterSA/,77.0,1,5.0,9,0,0,1,1,2.5,6.0,0.5061516149999999,25.0,2.5714285714285716,11.51292546497023,2.5
192,1,0,1,0,0,6.0,https://profi.ru/profile/LutkovskiiRU/,137.0,0,0.0,0,0,4,1,1,6.583333333333333,2.5,0.50380618,36.0,0.0,0.0,0.0
193,0,1,1,0,1,10.0,https://profi.ru/profile/LutkovskiiRU2/,109.0,1,5.0,19,1,11,1,1,5.166666666666667,4.0,0.50514731,100.0,3.081081081081081,14.978661367769954,5.166666666666667
194,1,0,0,0,0,7.0,https://profi.ru/profile/LyapinGG/,165.0,0,5.0,1,0,0,1,0,2.4166666666666665,,0.5047402750000001,49.0,0.29268292682926833,3.4657359027997265,0.0
195,0,1,1,0,1,28.0,https://profi.ru/profile/LyukshevaPO/,34.0,1,5.0,1,0,6,0,1,1.75,2.5,0.5041611,784.0,0.36363636363636365,3.4657359027997265,1.75
196,0,1,1,0,0,29.0,https://profi.ru/profile/MakarovRV30/,141.0,0,0.0,0,0,0,1,1,0.5,3.5,0.50253582,841.0,0.0,0.0,0.0
197,0,1,1,0,1,6.0,https://profi.ru/profile/MakaryanDA5/,70.0,1,5.0,5,0,0,0,0,0.3333333333333333,,0.5032614,36.0,3.75,8.958797346140274,0.3333333333333333
198,1,0,0,0,0,13.0,https://profi.ru/profile/MakhnevaMY/,78.0,1,0.0,0,0,4,0,1,0.8333333333333334,2.5,0.40356863,169.0,0.0,0.0,0.0
199,1,0,0,0,0,8.0,https://profi.ru/profile/MaksunovYY/,134.0,1,0.0,0,0,0,1,0,0.5833333333333334,,0.503518684,64.0,0.0,0.0,0.0
200,1,0,1,0,1,12.0,https://profi.ru/profile/MakuhinKV/,121.0,1,5.0,2,0,3,1,1,5.25,4.0,0.5058368200000001,144.0,0.32,5.493061443340549,5.25
201,1,0,1,0,0,4.0,https://profi.ru/profile/MalyuginaAP/,154.0,1,0.0,0,0,0,0,0,3.5,,0.50048096,16.0,0.0,0.0,0.0
202,1,0,1,0,1,16.0,https://profi.ru/profile/MarininaEV2/,74.0,1,5.0,3,0,4,0,1,7.5,3.0,0.5029605500000001,256.0,0.35294117647058826,6.931471805599453,7.5
203,1,0,1,0,1,5.0,https://profi.ru/profile/MartynovVP6/,133.0,0,0.0,0,0,9,1,1,0.75,3.0,0.5041297983333334,25.0,0.0,0.0,0.75
204,1,0,0,0,0,0.0,https://profi.ru/profile/MaryshevAB/,122.0,0,0.0,0,0,0,1,0,0.25,,0.50362737,0.0,0.0,0.0,0.0
205,1,0,0,1,1,5.0,https://profi.ru/profile/MatasovaAS3/,100.0,0,0.0,0,0,13,0,0,0.16666666666666666,,0.50367354,25.0,0.0,0.0,0.16666666666666666
206,1,0,0,0,0,0.0,https://profi.ru/profile/MatsukSV2/,163.0,0,0.0,0,0,0,1,0,0.25,,0.50404125,0.0,0.0,0.0,0.0
207,1,0,1,0,1,13.0,https://profi.ru/profile/MatveenkoEK/,94.0,1,5.0,10,0,7,1,1,12.166666666666666,3.0,0.50571555,169.0,0.759493670886076,11.989476363991853,12.166666666666666
208,1,0,1,0,1,4.0,https://profi.ru/profile/MelikagamalovIK/,14.0,1,5.0,33,1,8,1,1,3.9166666666666665,5.0,0.5061976085714286,16.0,6.711864406779662,17.63180262308081,3.9166666666666665
209,0,1,1,0,0,18.0,https://profi.ru/profile/MelnichukKN/,130.0,1,5.0,1,0,22,1,1,15.833333333333334,4.5,0.5048504128571428,324.0,0.059405940594059396,3.4657359027997265,0.0
210,0,1,0,0,0,15.0,https://profi.ru/profile/MelnitskiiAV/,114.0,0,0.0,0,0,0,1,1,6.916666666666667,2.5,0.50486061,225.0,0.0,0.0,0.0
211,0,1,1,0,1,10.0,https://profi.ru/profile/MigachevOM/,112.0,1,0.0,0,0,0,1,1,4.5,3.0,0.504898018,100.0,0.0,0.0,4.5
212,1,0,1,0,0,5.0,https://profi.ru/profile/MihailovaKA22/,155.0,1,0.0,0,0,2,0,1,5.75,1.5,0.50042927,25.0,0.0,0.0,0.0
213,1,0,0,0,0,1.0,https://profi.ru/profile/MikryukovGV/,147.0,1,5.0,1,0,0,1,0,1.8333333333333333,,0.504509944,1.0,0.35294117647058826,3.4657359027997265,0.0
214,1,0,1,0,1,6.0,https://profi.ru/profile/MironovaEE8/,101.0,1,5.0,11,0,3,0,1,6.666666666666667,3.0,0.5034919825,36.0,1.434782608695652,12.424533248940001,6.666666666666667
215,1,0,0,0,0,11.0,https://profi.ru/profile/MirskiiED/,101.0,1,5.0,12,0,1,1,1,10.25,2.8,0.5051378557142857,121.0,1.0666666666666667,12.824746787307683,0.0
216,1,0,0,0,0,1.0,https://profi.ru/profile/MitkinaSA4/,97.0,0,0.0,0,0,0,0,0,0.3333333333333333,,0.503671176,1.0,0.0,0.0,0.0
217,1,0,1,0,0,2.0,https://profi.ru/profile/MitrofanovNV8/,146.0,0,0.0,0,0,2,1,0,0.6666666666666666,,0.503187036,4.0,0.0,0.0,0.0
218,1,0,0,0,0,9.0,https://profi.ru/profile/MochalinMA3/,102.0,0,0.0,0,0,0,1,1,0.5833333333333334,2.5,0.5047106633333334,81.0,0.0,0.0,0.0
219,1,0,0,1,0,1.0,https://profi.ru/profile/MoiseyevKS2/,111.0,0,0.0,0,0,0,1,0,1.75,,0.504243045,1.0,0.0,0.0,0.0
220,0,1,1,0,0,13.0,https://profi.ru/profile/MokrousovMO/,80.0,1,5.0,17,1,1,1,1,9.666666666666666,6.0,0.50506558,169.0,1.59375,14.451858789480823,0.0
221,0,1,1,0,0,13.0,https://profi.ru/profile/MokrousovaGO/,119.0,1,4.94,17,1,7,0,1,9.583333333333334,3.0,0.503699905,169.0,1.606299212598425,14.278436484007054,0.0
222,0,1,0,1,0,13.0,https://profi.ru/profile/MorozovaYR4/,107.0,0,0.0,0,0,0,0,1,1.75,2.5,0.50234095,169.0,0.0,0.0,0.0
223,0,1,1,0,1,5.0,https://profi.ru/profile/MuhinaDS2/,121.0,1,5.0,4,0,5,0,1,5.833333333333333,2.5,0.5036929333333333,25.0,0.5853658536585367,8.047189562170502,5.833333333333333
224,0,1,1,0,0,11.0,https://profi.ru/profile/MukhametzhanovIS/,131.0,1,5.0,3,0,10,1,1,0.16666666666666666,2.5,0.5047110142857143,121.0,2.571428571428571,6.931471805599453,0.0
225,0,1,1,0,0,25.0,https://profi.ru/profile/MyachinAS/,76.0,1,5.0,10,0,7,1,1,8.833333333333334,2.5,0.508001,625.0,1.0169491525423728,11.989476363991853,0.0
226,0,1,1,0,1,34.0,https://profi.ru/profile/NagornovVV5/,159.0,0,0.0,0,0,5,1,0,2.25,,0.5032134933333333,1156.0,0.0,0.0,2.25
227,1,0,1,0,0,20.0,https://profi.ru/profile/NasonovIB/,128.0,1,5.0,12,0,4,1,1,7.166666666666667,3.5,0.50494895,400.0,1.4693877551020407,12.824746787307683,0.0
228,1,0,0,0,0,10.0,https://profi.ru/profile/NasyrovAR10/,110.0,1,5.0,12,0,3,1,1,1.1666666666666667,2.5,0.5050926071428571,100.0,5.538461538461537,12.824746787307683,0.0
229,1,0,1,0,1,13.0,https://profi.ru/profile/NaumkinVD/,72.0,1,4.91,11,0,9,1,0,10.416666666666666,,0.5061091600000001,169.0,0.9635036496350365,12.200891650459083,10.416666666666666
230,1,0,1,0,0,11.0,https://profi.ru/profile/NaumkinVD2/,91.0,1,5.0,26,0,7,1,1,0.8333333333333334,4.5,0.504875318,121.0,14.18181818181818,16.479184330021646,0.0
231,0,1,0,1,0,6.0,https://profi.ru/profile/NaumovFO/,44.0,1,5.0,26,0,17,1,1,6.916666666666667,4.0,0.5065364,36.0,3.2842105263157895,16.479184330021646,0.0
232,1,0,0,0,0,1.0,https://profi.ru/profile/NazarovIV28/,132.0,1,5.0,4,0,0,1,1,1.75,3.0,0.50529583,1.0,1.4545454545454546,8.047189562170502,0.0
233,1,0,0,0,0,20.0,https://profi.ru/profile/NedashkovskiyKY/,139.0,0,0.0,0,0,0,1,1,0.8333333333333334,3.5,0.50258408,400.0,0.0,0.0,0.0
234,0,1,1,0,1,9.0,https://profi.ru/profile/NefedovaAA5/,3.0,1,5.0,8,0,18,0,1,9.083333333333334,2.5,0.5061692533333333,81.0,0.793388429752066,10.986122886681098,9.083333333333334
235,0,1,1,0,0,26.0,https://profi.ru/profile/NepryahinVO/,116.0,1,5.0,2,0,1,1,1,6.25,3.0,0.5051721216666667,676.0,0.27586206896551724,5.493061443340549,0.0
236,0,1,1,0,0,17.0,https://profi.ru/profile/NikiforovDA3/,112.0,0,0.0,0,0,0,1,1,12.083333333333334,2.0,0.505,289.0,0.0,0.0,0.0
237,0,1,1,0,0,18.0,https://profi.ru/profile/NikishinMA2/,98.0,1,5.0,13,0,13,1,1,8.083333333333334,3.0,0.5052291271428572,324.0,1.4311926605504586,13.195286648076292,0.0
238,0,1,1,0,1,5.0,https://profi.ru/profile/NikitinaUD2/,93.0,1,5.0,12,0,4,0,1,4.666666666666667,5.0,0.5047534328571429,25.0,2.1176470588235294,12.824746787307683,4.666666666666667
239,1,0,1,0,1,16.0,https://profi.ru/profile/NikolayevaTA11/,73.0,1,0.0,0,0,6,0,1,1.8333333333333333,2.0,0.5050092642857144,256.0,0.0,0.0,1.8333333333333333
240,0,1,1,0,1,9.0,https://profi.ru/profile/NosovaOS/,85.0,1,5.0,7,0,1,0,1,6.833333333333333,2.0,0.5026029599999999,81.0,0.8936170212765958,10.39720770839918,6.833333333333333
241,1,0,0,0,0,10.0,https://profi.ru/profile/NovikovIV36/,102.0,1,5.0,1,0,0,1,1,5.75,1.5,0.5057361149999999,100.0,0.14814814814814814,3.4657359027997265,0.0
242,1,0,1,0,1,7.0,https://profi.ru/profile/NovikovaPA8/,85.0,0,5.0,1,0,3,0,1,5.916666666666667,5.0,0.5043011374999999,49.0,0.14457831325301204,3.4657359027997265,5.916666666666667
243,0,0,0,0,0,3.0,https://profi.ru/profile/NurmatovBR/,24.0,1,5.0,19,0,0,1,1,5.5,2.5,0.5061095,9.0,2.923076923076923,14.978661367769954,0.0
244,0,1,1,0,0,14.0,https://profi.ru/profile/OrlovAV111/,98.0,1,5.0,9,0,11,1,1,5.666666666666667,3.0,0.50560704,196.0,1.3499999999999999,11.51292546497023,0.0
245,1,0,0,0,0,18.0,https://profi.ru/profile/OrlovAV18/,136.0,1,5.0,1,0,6,1,1,11.25,3.0,0.5034190439999999,324.0,0.08163265306122448,3.4657359027997265,0.0
246,0,1,1,0,0,23.0,https://profi.ru/profile/OrlovEV3/,72.0,1,5.0,1,0,0,1,1,7.666666666666667,10.0,0.5057336066666667,529.0,0.11538461538461536,3.4657359027997265,0.0
247,0,1,1,0,0,10.0,https://profi.ru/profile/OrlovIV2/,105.0,1,5.0,6,0,9,1,1,9.416666666666666,5.0,0.5052813714285714,100.0,0.5760000000000001,9.729550745276565,0.0
248,1,0,1,0,1,15.0,https://profi.ru/profile/OstapenkoEA15/,6.0,0,5.0,14,0,1,0,1,5.75,2.5,0.50560215,225.0,2.074074074074074,13.54025100551105,5.75
249,1,0,1,0,0,5.0,https://profi.ru/profile/OvsyannikovaDD4/,24.0,1,5.0,1,0,5,0,0,2.25,,0.50452656,25.0,0.3076923076923077,3.4657359027997265,0.0
250,0,1,1,0,0,33.0,https://profi.ru/profile/OzhegovIG/,85.0,0,4.91,34,0,0,1,1,14.0,2.0,0.5056729585714286,1089.0,2.2666666666666666,17.45675898191302,0.0
251,1,0,1,0,1,12.0,https://profi.ru/profile/PachkalevaTS/,56.0,0,5.0,16,1,3,0,0,5.916666666666667,,0.504583376,144.0,2.3132530120481927,14.16606672028108,5.916666666666667
252,0,1,0,0,0,19.0,https://profi.ru/profile/PalachevAI/,56.0,1,4.5,24,0,1,1,1,14.5,3.25,0.505,361.0,1.5483870967741935,14.484941211906902,0.0
253,0,1,1,0,0,20.0,https://profi.ru/profile/PanasenkoLR/,118.0,1,5.0,1,0,6,0,1,6.833333333333333,2.5,0.5014083500000001,400.0,0.12765957446808512,3.4657359027997265,0.0
254,0,1,1,0,1,19.0,https://profi.ru/profile/PanovaOA2/,19.0,1,5.0,6,0,7,0,1,9.75,2.0,0.50473614,361.0,0.5581395348837209,9.729550745276565,9.75
255,1,0,0,0,0,0.0833333333333333,https://profi.ru/profile/ParfenovAA64/,126.0,0,0.0,0,0,0,1,0,0.08333333333333333,,0.50453027,0.006944444444444439,0.0,0.0,0.0
256,0,1,0,0,0,8.0,https://profi.ru/profile/ParfenovVN5/,112.0,1,4.33,6,0,2,1,1,1.1666666666666667,2.63,0.5052170175,64.0,2.7692307692307687,8.425790945409506,0.0
257,0,1,1,0,0,22.0,https://profi.ru/profile/PashkinPV3/,136.0,0,0.0,0,0,0,1,1,5.833333333333333,5.0,0.5037868249999999,484.0,0.0,0.0,0.0
258,0,0,0,0,0,0.1666666666666666,https://profi.ru/profile/PashkovZS/,76.0,0,0.0,0,0,0,1,0,0.16666666666666666,,0.5057542500000001,0.027777777777777755,0.0,0.0,0.0
259,1,0,0,0,0,8.0,https://profi.ru/profile/PastukhovaAV6/,60.0,1,5.0,1,0,0,0,1,1.9166666666666667,3.0,0.503802175,64.0,0.3428571428571428,3.4657359027997265,0.0
260,1,0,0,1,0,3.0,https://profi.ru/profile/PavlovYA18/,104.0,1,5.0,6,0,5,1,1,3.1666666666666665,2.5,0.505279312,9.0,1.4400000000000002,9.729550745276565,0.0
261,1,0,1,0,1,4.0,https://profi.ru/profile/PavlovaPA27/,99.0,1,0.0,0,0,8,0,1,0.08333333333333333,4.0,0.5041998885714286,16.0,0.0,0.0,0.08333333333333333
262,1,0,1,0,1,9.0,https://profi.ru/profile/PeninSY/,76.0,1,4.79,24,0,4,1,0,2.9166666666666665,,0.505849835,81.0,6.127659574468085,15.41841520111868,2.9166666666666665
263,1,0,1,0,0,13.0,https://profi.ru/profile/PerepelitsaMA3/,95.0,1,5.0,38,1,5,1,1,5.333333333333333,4.0,0.5052018433333333,169.0,6.0,18.317808230648232,0.0
264,1,0,1,0,0,18.0,https://profi.ru/profile/PerevezentsevPS/,135.0,0,0.0,0,0,0,1,1,0.4166666666666667,3.2,0.5041684033333333,324.0,0.0,0.0,0.0
265,0,1,0,1,0,16.0,https://profi.ru/profile/PetrinskayaNA/,116.0,0,4.0,1,0,7,0,1,13.166666666666666,2.7,0.5014612,256.0,0.07058823529411765,2.772588722239781,0.0
266,0,1,1,0,0,16.0,https://profi.ru/profile/PineginaAA4/,110.0,1,5.0,12,0,0,0,1,5.25,4.0,0.5040898285714286,256.0,1.92,12.824746787307683,0.0
267,1,0,1,0,1,1.0,https://profi.ru/profile/PinevichPM/,32.0,1,5.0,2,0,15,1,0,2.5,,0.5061088314285714,1.0,0.5714285714285714,5.493061443340549,2.5
268,1,0,1,0,1,28.0,https://profi.ru/profile/PiskunLE/,48.0,0,5.0,1,0,0,0,1,1.0,3.0,0.5038655,784.0,0.5,3.4657359027997265,1.0
269,0,1,0,1,0,13.0,https://profi.ru/profile/PismakVI/,121.0,1,4.0,1,0,6,1,1,11.083333333333334,1.7,0.50524786,169.0,0.08275862068965517,2.772588722239781,0.0
270,1,0,0,0,0,5.0,https://profi.ru/profile/PlakidaMV/,113.0,0,0.0,0,0,0,1,1,3.75,3.5,0.50434807,25.0,0.0,0.0,0.0
271,1,0,1,0,1,7.0,https://profi.ru/profile/PlakidaVV2/,118.0,1,0.0,0,0,0,1,1,2.3333333333333335,3.5,0.503041,49.0,0.0,0.0,2.3333333333333335
272,1,0,1,0,0,15.0,https://profi.ru/profile/PlyushchevaAD/,89.0,0,0.0,0,0,0,0,1,1.5833333333333333,3.0,0.5049524125,225.0,0.0,0.0,0.0
273,1,0,0,0,0,8.0,https://profi.ru/profile/PolkovnikovDA2/,136.0,0,0.0,0,0,11,1,1,4.5,3.5,0.50405256,64.0,0.0,0.0,0.0
274,1,0,0,0,0,6.0,https://profi.ru/profile/PolonovSS/,190.0,0,0.0,0,0,0,1,1,0.8333333333333334,3.0,0.50129448,36.0,0.0,0.0,0.0
275,0,1,1,0,0,18.0,https://profi.ru/profile/PolyakovaDA2/,15.0,1,4.86,22,1,6,0,1,14.666666666666666,3.5,0.50487408,324.0,1.4042553191489362,15.238501889415668,0.0
276,1,0,0,0,0,2.0,https://profi.ru/profile/PonomarenkoSV15/,109.0,1,5.0,16,0,10,1,1,2.3333333333333335,1.5,0.505029026,4.0,4.8,14.16606672028108,0.0
277,0,1,0,0,0,29.0,https://profi.ru/profile/PonomarevEG/,84.0,0,4.88,8,0,0,1,1,12.5,1.0,0.5055604083333333,841.0,0.5925925925925926,10.72245593740075,0.0
278,1,0,0,0,0,6.0,https://profi.ru/profile/PonomarevVA82/,106.0,0,5.0,5,0,8,1,1,0.5833333333333334,2.0,0.505481085,36.0,3.157894736842105,8.958797346140274,0.0
279,1,0,0,0,0,9.0,https://profi.ru/profile/PonomarevaAN2/,71.0,1,0.0,0,0,0,0,1,8.666666666666666,3.0,0.5043111033333333,81.0,0.0,0.0,0.0
280,1,0,1,0,0,16.0,https://profi.ru/profile/PopovAA43/,102.0,1,4.83,6,0,4,1,1,9.25,5.0,0.5080006,256.0,0.5853658536585366,9.398746019937162,0.0
281,0,1,1,0,0,36.0,https://profi.ru/profile/PotapovAV10/,81.0,1,5.0,22,0,0,1,1,7.75,2.0,0.5058189,1296.0,2.5142857142857142,15.677471079645748,0.0
282,0,1,0,0,0,10.0,https://profi.ru/profile/ProninIS13/,151.0,1,0.0,0,0,7,1,1,0.16666666666666666,4.0,0.5020019,100.0,0.0,0.0,0.0
283,1,0,0,1,1,0.9166666666666666,https://profi.ru/profile/ProninaLN3/,108.0,1,5.0,5,0,1,0,0,0.9166666666666666,,0.5030978966666667,0.8402777777777777,2.608695652173913,8.958797346140274,0.9166666666666666
284,1,0,1,0,0,2.0,https://profi.ru/profile/ProtasVA3/,123.0,1,5.0,3,0,0,1,1,1.5833333333333333,2.0,0.5054602650000001,4.0,1.1612903225806452,6.931471805599453,0.0
285,1,0,1,0,0,12.0,https://profi.ru/profile/PryahinVV2/,109.0,1,5.0,15,1,30,1,1,12.25,4.0,0.505023925,144.0,1.1320754716981132,13.862943611198906,0.0
286,1,0,0,1,0,4.0,https://profi.ru/profile/PshennikovKD/,97.0,0,4.75,109,0,9,1,1,4.916666666666667,4.0,0.5052069457142857,16.0,18.422535211267604,22.327281737513978,0.0
287,1,0,0,0,0,8.0,https://profi.ru/profile/PupkinIS2/,116.0,1,0.0,0,0,0,1,1,5.166666666666667,2.5,0.50354424,64.0,0.0,0.0,0.0
288,0,1,0,0,0,5.0,https://profi.ru/profile/PuzyrevaAS2/,29.0,1,5.0,7,0,0,0,1,5.75,2.5,0.504461165,25.0,1.037037037037037,10.39720770839918,0.0
289,0,1,0,1,0,13.0,https://profi.ru/profile/PyasetskiiSN/,134.0,1,4.76,25,0,2,1,1,12.5,2.5,0.50441883,169.0,1.8518518518518519,15.508539520982254,0.0
290,0,1,0,0,0,18.0,https://profi.ru/profile/PylnovIS/,74.0,1,5.0,20,0,3,1,1,11.166666666666666,2.5,0.505931275,324.0,1.6438356164383563,15.222612188617115,0.0
291,1,0,0,0,0,13.0,https://profi.ru/profile/RafikovaYA/,58.0,0,5.0,1,0,0,0,1,2.0833333333333335,1.0,0.50364086,169.0,0.3243243243243243,3.4657359027997265,0.0
292,0,1,1,0,0,4.0,https://profi.ru/profile/RerikhMA/,133.0,0,0.0,0,0,1,0,1,3.0833333333333335,3.0,0.5030415066666667,16.0,0.0,0.0,0.0
293,0,1,1,0,0,3.0,https://profi.ru/profile/ReznitskayaKD/,97.0,0,5.0,6,0,11,0,1,2.0,2.5,0.50220455,9.0,2.0,9.729550745276565,0.0
294,0,1,0,0,0,16.0,https://profi.ru/profile/RodionovIU2/,109.0,1,4.75,4,0,0,1,1,11.25,3.0,0.5053231842857143,256.0,0.32653061224489793,7.644830084061977,0.0
295,1,0,1,0,0,5.0,https://profi.ru/profile/RomanovaAV115/,81.0,0,5.0,27,0,4,0,1,5.416666666666667,2.5,0.4765106771428572,25.0,4.207792207792208,16.66102255087602,0.0
296,0,1,1,0,1,5.0,https://profi.ru/profile/RomanovaSV14/,34.0,0,5.0,5,0,2,0,0,5.833333333333333,,0.50730595,25.0,0.7317073170731707,8.958797346140274,5.833333333333333
297,1,0,0,0,0,1.0,https://profi.ru/profile/RonzhinPV2/,188.0,0,0.0,0,0,0,1,0,1.1666666666666667,,0.50116165,1.0,0.0,0.0,0.0
298,0,1,1,0,1,2.0,https://profi.ru/profile/RozhkovaAS25/,93.0,0,5.0,1,0,4,0,1,2.6666666666666665,2.5,0.5043706042857142,4.0,0.27272727272727276,3.4657359027997265,2.6666666666666665
299,1,0,1,0,0,2.0,https://profi.ru/profile/RudnevLD/,152.0,1,5.0,2,0,3,1,1,1.0,2.5,0.50504712,4.0,1.0,5.493061443340549,0.0
300,1,0,0,0,0,11.0,https://profi.ru/profile/RudnevaYS4/,113.0,1,4.89,9,0,0,0,1,1.9166666666666667,2.0,0.5050096133333333,121.0,3.0857142857142854,11.259641104740883,0.0
301,1,0,1,0,1,3.0,https://profi.ru/profile/RudyukovaNA/,75.0,0,5.0,15,1,3,0,1,3.5833333333333335,2.8,0.50280804,9.0,3.2727272727272725,13.862943611198906,3.5833333333333335
302,0,1,1,0,1,3.0,https://profi.ru/profile/RuzaykinaTY/,9.0,1,5.0,18,1,1,0,1,4.0,2.0,0.5056358466666666,9.0,3.6,14.722194895832201,4.0
303,0,1,0,0,0,7.0,https://profi.ru/profile/RybakovSS7/,56.0,0,0.0,0,0,8,0,0,3.75,,0.50674317,49.0,0.0,0.0,0.0
304,0,1,1,0,1,12.0,https://profi.ru/profile/RybkinAV/,87.0,1,4.91,23,1,3,1,1,12.75,3.0,0.50532449,144.0,1.6727272727272726,15.604244307008415,12.75
305,1,0,0,0,0,0.3333333333333333,https://profi.ru/profile/RylskayaDV/,101.0,0,0.0,0,0,0,0,1,0.3333333333333333,2.0,0.50418481,0.1111111111111111,0.0,0.0,0.0
306,1,0,0,0,0,9.0,https://profi.ru/profile/SadiyevBS2/,156.0,0,0.0,0,0,0,1,0,0.6666666666666666,,0.5030860566666666,81.0,0.0,0.0,0.0
307,1,0,1,0,1,22.0,https://profi.ru/profile/SapeginAA2/,12.0,1,5.0,11,0,5,1,1,12.5,5.0,0.0,484.0,0.8148148148148148,12.424533248940001,12.5
308,0,1,1,0,0,22.0,https://profi.ru/profile/SayenkoKE/,81.0,1,0.0,0,0,0,0,0,0.08333333333333333,,0.50444069,484.0,0.0,0.0,0.0
309,0,1,1,0,1,16.0,https://profi.ru/profile/SchetininVT/,40.0,1,5.0,4,0,4,1,1,10.25,3.5,0.5057775840000001,256.0,0.35555555555555557,8.047189562170502,10.25
310,0,1,1,0,0,5.0,https://profi.ru/profile/SedyshevaNA/,24.0,1,5.0,10,0,4,0,1,5.833333333333333,2.5,0.5045400800000001,25.0,1.4634146341463414,11.989476363991853,0.0
311,1,0,0,1,0,13.0,https://profi.ru/profile/SelivanovAY3/,111.0,1,0.0,0,0,5,1,1,0.25,3.0,0.5047525583333333,169.0,0.0,0.0,0.0
312,0,1,1,0,1,5.0,https://profi.ru/profile/SemechkinDA/,135.0,1,5.0,1,0,11,1,0,2.6666666666666665,,0.503517066,25.0,0.27272727272727276,3.4657359027997265,2.6666666666666665
313,1,0,0,0,0,0.25,https://profi.ru/profile/SemenovaPS10/,143.0,0,0.0,0,0,0,0,1,0.25,3.0,0.502725085,0.0625,0.0,0.0,0.0
314,1,0,0,0,0,10.0,https://profi.ru/profile/SenatorovIG/,47.0,1,5.0,27,1,1,1,1,5.5,1.0,0.506390515,100.0,4.153846153846154,16.66102255087602,0.0
315,0,1,1,0,0,27.0,https://profi.ru/profile/SenkinSD/,93.0,1,4.77,88,0,0,1,1,11.583333333333334,2.0,0.504427812,729.0,6.993377483443708,21.410795483622305,0.0
316,0,1,0,0,0,1.0,https://profi.ru/profile/SerdyukovaMA6/,128.0,0,4.0,1,0,0,0,0,1.5833333333333333,,0.50068613,1.0,0.38709677419354843,2.772588722239781,0.0
317,0,0,0,0,0,3.0,https://profi.ru/profile/SeredaAE2/,93.0,0,0.0,0,0,2,0,1,3.5833333333333335,4.0,0.5045001214285714,9.0,0.0,0.0,0.0
318,1,0,1,0,0,15.0,https://profi.ru/profile/SergiyenkoAD4/,51.0,1,5.0,5,0,5,0,0,1.6666666666666667,,0.50378296,225.0,1.8749999999999998,8.958797346140274,0.0
319,0,1,1,0,0,4.0,https://profi.ru/profile/SevastyanovaAV21/,86.0,0,0.0,0,0,0,0,0,1.0833333333333333,,0.50259605,16.0,0.0,0.0,0.0
320,1,0,0,1,0,1.0,https://profi.ru/profile/ShakleinaVM/,102.0,1,5.0,3,0,5,0,1,1.3333333333333333,1.5,0.5042282616666668,1.0,1.2857142857142858,6.931471805599453,0.0
321,1,0,0,0,0,15.0,https://profi.ru/profile/ShamrayAM/,85.0,0,0.0,0,0,3,0,1,2.8333333333333335,2.5,0.5046060885714286,225.0,0.0,0.0,0.0
322,1,0,0,0,0,6.0,https://profi.ru/profile/ShatokhinFA/,81.0,1,5.0,35,0,4,1,1,1.9166666666666667,4.0,0.5056147442857143,36.0,11.999999999999998,17.91759469228055,0.0
323,1,0,0,0,0,9.0,https://profi.ru/profile/ShchelokovDS4/,134.0,0,0.0,0,0,0,1,0,0.5,,0.50412844,81.0,0.0,0.0,0.0
324,0,1,0,0,0,6.0,https://profi.ru/profile/ShelestovAA3/,105.0,1,5.0,3,0,0,1,1,4.166666666666667,1.5,0.5057104575,36.0,0.5806451612903225,6.931471805599453,0.0
325,1,0,1,0,0,14.0,https://profi.ru/profile/ShepilovMD/,158.0,0,4.6,5,0,0,1,0,0.6666666666666666,,0.5041745240000001,196.0,3.0000000000000004,8.242093558449053,0.0
326,1,0,0,0,0,15.0,https://profi.ru/profile/ShevelevII2/,139.0,1,0.0,0,0,6,1,1,3.9166666666666665,3.5,0.5036331871428571,225.0,0.0,0.0,0.0
327,0,1,1,0,0,17.0,https://profi.ru/profile/ShishkovAA21/,93.0,1,5.0,6,0,11,1,1,2.3333333333333335,3.5,0.506021765,289.0,1.7999999999999998,9.729550745276565,0.0
328,1,0,0,0,1,7.0,https://profi.ru/profile/ShkodinovaYV2/,112.0,1,0.0,0,0,4,0,1,0.25,1.5,0.50160316,49.0,0.0,0.0,0.25
329,1,0,0,0,0,2.0,https://profi.ru/profile/ShmorgunOP/,111.0,0,0.0,0,0,8,0,1,1.4166666666666667,2.0,0.50162743,4.0,0.0,0.0,0.0
330,0,1,0,1,0,10.0,https://profi.ru/profile/ShorinNV/,98.0,1,5.0,8,0,4,1,1,7.666666666666667,3.0,0.505587855,100.0,0.9230769230769229,10.986122886681098,0.0
331,0,1,1,0,0,21.0,https://profi.ru/profile/SidorenkoKO/,123.0,0,0.0,0,0,0,0,1,13.083333333333334,2.0,0.5036343666666666,441.0,0.0,0.0,0.0
332,0,1,0,0,0,16.0,https://profi.ru/profile/SilukovSA/,96.0,0,0.0,0,0,0,1,0,0.9166666666666666,,0.504746985,256.0,0.0,0.0,0.0
333,1,0,1,0,0,7.0,https://profi.ru/profile/SinyutinaAU/,86.0,0,0.0,0,0,13,0,1,7.083333333333333,3.0,0.5041653724999999,49.0,0.0,0.0,0.0
334,1,0,0,0,0,2.0,https://profi.ru/profile/SivakovDV5/,141.0,0,0.0,0,0,0,1,1,2.0833333333333335,1.5,0.503785,4.0,0.0,0.0,0.0
335,0,1,1,0,0,25.0,https://profi.ru/profile/SkryabinaVV3/,84.0,1,5.0,7,0,0,0,1,4.083333333333333,2.0,0.50261448,625.0,1.3770491803278688,10.39720770839918,0.0
336,0,0,0,0,0,0.0,https://profi.ru/profile/SmirnovTZ/,139.0,0,5.0,2,0,0,1,0,0.3333333333333333,,0.5051871,0.0,1.5,5.493061443340549,0.0
337,0,1,1,0,1,11.0,https://profi.ru/profile/SmolyakovGV/,135.0,1,4.25,4,0,7,1,1,9.083333333333334,5.0,0.5054055900000001,121.0,0.396694214876033,6.840111127844926,9.083333333333334
338,0,1,1,0,1,7.0,https://profi.ru/profile/SmolyarMA/,88.0,1,5.0,24,0,6,0,0,3.0833333333333335,,0.504595144,49.0,5.877551020408163,16.094379124341003,3.0833333333333335
339,1,0,0,0,0,7.0,https://profi.ru/profile/SokolovDA193/,178.0,0,0.0,0,0,0,1,0,0.08333333333333333,,0.502140665,49.0,0.0,0.0,0.0
340,0,1,1,0,1,4.5,https://profi.ru/profile/SoldatenkovaPD/,110.0,1,0.0,0,0,4,0,1,1.3333333333333333,3.0,0.5040744328571428,20.25,0.0,0.0,1.3333333333333333
341,0,1,1,0,1,20.0,https://profi.ru/profile/SolomatinaAY/,39.0,1,5.0,3,0,6,0,1,3.9166666666666665,4.0,0.50402462,400.0,0.6101694915254238,6.931471805599453,3.9166666666666665
342,0,1,0,0,0,9.0,https://profi.ru/profile/SolovevaDD2/,43.0,1,5.0,61,1,6,0,1,7.916666666666667,2.0,0.5045419299999999,81.0,6.841121495327102,20.63567192522546,0.0
343,0,1,0,0,1,40.0,https://profi.ru/profile/SoshnikovNA/,166.0,1,0.0,0,0,7,1,1,0.6666666666666666,2.5,0.5017562,1600.0,0.0,0.0,0.6666666666666666
344,1,0,1,0,0,16.0,https://profi.ru/profile/StelmuhovaTI/,134.0,1,3.0,2,0,3,0,1,5.583333333333333,2.5,0.5031635116666666,256.0,0.3037974683544304,3.295836866004329,0.0
345,0,1,1,0,1,0.25,https://profi.ru/profile/StepinaAA19/,113.0,0,5.0,1,0,0,0,1,0.25,5.0,0.5041580142857144,0.0625,0.8,3.4657359027997265,0.25
346,0,1,1,0,1,5.0,https://profi.ru/profile/StronginaYK/,72.0,0,5.0,1,0,4,0,1,2.0,5.0,0.5050017528571429,25.0,0.3333333333333333,3.4657359027997265,2.0
347,0,1,0,0,0,26.0,https://profi.ru/profile/StrubalinYM/,133.0,1,0.0,0,0,0,1,1,0.75,2.5,0.50270573,676.0,0.0,0.0,0.0
348,1,0,0,0,0,26.0,https://profi.ru/profile/SubhankulovMM/,32.0,1,5.0,11,0,3,1,1,7.75,3.0,0.505542975,676.0,1.2571428571428571,12.424533248940001,0.0
349,1,0,0,1,0,7.0,https://profi.ru/profile/SuchkovaAA19/,84.0,0,5.0,1,0,6,0,1,2.1666666666666665,5.0,0.5048890071428571,49.0,0.31578947368421056,3.4657359027997265,0.0
350,0,1,0,0,0,14.0,https://profi.ru/profile/SuetinaMV/,99.0,1,4.93,40,1,0,0,1,8.333333333333334,2.5,0.50377885,196.0,4.285714285714286,18.307910288852238,0.0
351,1,0,1,0,1,5.0,https://profi.ru/profile/SukhotinaAV/,118.0,1,0.0,0,0,0,0,1,2.6666666666666665,5.0,0.5029589250000001,25.0,0.0,0.0,2.6666666666666665
352,0,1,0,0,0,13.0,https://profi.ru/profile/SullaAV/,156.0,1,5.0,4,0,12,1,1,6.0,3.0,0.504577535,169.0,0.5714285714285714,8.047189562170502,0.0
353,1,0,1,0,0,25.0,https://profi.ru/profile/SumarokovaMA2/,9.0,1,4.84,56,0,10,0,1,5.583333333333333,3.0,0.5059286042857143,625.0,8.506329113924052,19.568368136319222,0.0
354,0,1,1,0,0,16.0,https://profi.ru/profile/SvyatnenkoDD/,38.0,0,5.0,3,0,0,0,1,2.5,2.0,0.5040312,256.0,0.8571428571428571,6.931471805599453,0.0
355,1,0,0,0,0,0.5833333333333334,https://profi.ru/profile/TambovtsevaKV/,20.0,0,5.0,2,0,0,0,1,0.5833333333333334,2.0,0.50471046,0.34027777777777785,1.263157894736842,5.493061443340549,0.0
356,0,1,1,0,0,13.0,https://profi.ru/profile/TemenderovaDR/,82.0,1,5.0,83,0,5,0,1,6.166666666666667,4.5,0.5048201471428571,169.0,11.581395348837209,22.154083994216567,0.0
357,1,0,1,0,0,15.0,https://profi.ru/profile/TeteryukovSS/,96.0,1,5.0,9,0,6,1,1,12.416666666666666,4.0,0.5055092325,225.0,0.6708074534161491,11.51292546497023,0.0
358,0,1,1,0,1,14.0,https://profi.ru/profile/TimofeevaMO3/,98.0,1,5.0,8,0,0,0,1,5.416666666666667,2.5,0.504596025,196.0,1.2467532467532467,10.986122886681098,5.416666666666667
359,1,0,0,0,0,20.0,https://profi.ru/profile/TitovVP9/,168.0,0,0.0,0,0,14,1,1,0.08333333333333333,3.0,0.50172672,400.0,0.0,0.0,0.0
360,1,0,1,0,1,7.5,https://profi.ru/profile/TitovaAE12/,118.0,1,0.0,0,0,4,0,1,5.916666666666667,3.0,0.503391036,56.25,0.0,0.0,5.916666666666667
361,0,1,1,0,0,9.0,https://profi.ru/profile/TitovaMA6/,94.0,1,5.0,4,0,17,0,1,7.166666666666667,6.0,0.50373334,81.0,0.48979591836734687,8.047189562170502,0.0
362,1,0,0,0,0,6.0,https://profi.ru/profile/TomilineEK/,115.0,0,0.0,0,0,0,0,1,6.833333333333333,5.0,0.5036380842857142,36.0,0.0,0.0,0.0
363,0,1,1,0,0,3.0,https://profi.ru/profile/TopchyanKG/,74.0,1,5.0,2,0,5,0,1,1.8333333333333333,3.0,0.50522908,9.0,0.7058823529411765,5.493061443340549,0.0
364,0,1,0,0,0,0.0833333333333333,https://profi.ru/profile/TopolyanskiyAB/,174.0,0,0.0,0,0,0,1,0,0.08333333333333333,,0.501,0.006944444444444439,0.0,0.0,0.0
365,1,0,0,1,0,1.0,https://profi.ru/profile/TsapkinIS/,112.0,0,0.0,0,0,5,1,0,0.75,,0.504123528,1.0,0.0,0.0,0.0
366,1,0,0,0,0,6.0,https://profi.ru/profile/TselykovsksyaAA/,84.0,1,5.0,3,0,12,0,1,6.75,3.5,0.5032699133333334,36.0,0.3870967741935484,6.931471805599453,0.0
367,0,1,1,0,1,17.0,https://profi.ru/profile/TsomartovAK/,108.0,1,4.92,61,0,8,1,1,5.166666666666667,2.8,0.504908175,289.0,9.891891891891891,20.30550117442185,5.166666666666667
368,0,1,1,0,1,20.0,https://profi.ru/profile/TsyplyakovKA/,1.0,1,5.0,61,0,6,0,1,10.083333333333334,1.5,0.50749691,400.0,5.50375939849624,20.63567192522546,10.083333333333334
369,1,0,0,1,0,3.0,https://profi.ru/profile/TyutyunnikDV4/,116.0,0,0.0,0,0,0,1,1,0.4166666666666667,2.5,0.504449614,9.0,0.0,0.0,0.0
370,1,0,0,1,0,4.0,https://profi.ru/profile/UdalovMD3/,101.0,1,5.0,6,0,9,1,1,3.25,3.0,0.5053261671428573,16.0,1.411764705882353,9.729550745276565,0.0
371,0,1,1,0,0,15.0,https://profi.ru/profile/UlanovOV5/,52.0,1,5.0,24,0,2,1,1,1.8333333333333333,4.0,0.50628693,225.0,8.470588235294118,16.094379124341003,0.0
372,0,1,0,0,0,1.0,https://profi.ru/profile/UlyashinYV/,77.0,1,5.0,8,0,4,1,1,0.25,2.5,0.50617676,1.0,6.4,10.986122886681098,0.0
373,1,0,0,1,0,2.0,https://profi.ru/profile/UshakovAD11/,88.0,1,5.0,4,0,8,1,0,1.1666666666666667,,0.506235365,4.0,1.8461538461538458,8.047189562170502,0.0
374,1,0,1,0,1,18.0,https://profi.ru/profile/UskovEA/,3.0,1,4.97,94,1,0,1,1,13.75,4.0,0.506809088,324.0,6.372881355932203,22.632768151254687,13.75
375,1,0,0,0,0,20.0,https://profi.ru/profile/VakulichevVL/,30.0,0,0.0,0,0,4,1,0,0.08333333333333333,,0.5065546,400.0,0.0,0.0,0.0
376,0,1,1,0,0,0.9166666666666666,https://profi.ru/profile/ValetovRA3/,104.0,1,5.0,1,0,5,1,0,0.9166666666666666,,0.505484916,0.8402777777777777,0.5217391304347826,3.4657359027997265,0.0
377,0,0,0,0,0,4.0,https://profi.ru/profile/VanyukovaSA3/,75.0,1,5.0,45,0,25,0,1,4.0,4.0,0.50451209,16.0,9.0,19.143206982445477,0.0
378,0,1,1,0,1,11.0,https://profi.ru/profile/VasilenkoAA47/,126.0,1,5.0,1,0,0,0,1,4.75,3.0,0.503357865,121.0,0.17391304347826086,3.4657359027997265,4.75
379,0,1,0,0,0,2.0,https://profi.ru/profile/VasilyevAD21/,120.0,1,5.0,1,0,10,1,1,2.0833333333333335,3.0,0.5050901785714286,4.0,0.3243243243243243,3.4657359027997265,0.0
380,0,1,1,0,1,5.0,https://profi.ru/profile/VerbinPO/,110.0,1,0.0,0,0,1,1,1,5.75,5.0,0.5044968166666667,25.0,0.0,0.0,5.75
381,0,0,0,0,0,2.0,https://profi.ru/profile/VimbaPA/,52.0,0,0.0,0,0,8,0,1,1.6666666666666667,2.0,0.505053215,4.0,0.0,0.0,0.0
382,1,0,0,0,0,8.0,https://profi.ru/profile/VinichenkoVS2/,7.0,1,4.98,62,1,0,0,1,7.5,3.0,0.50557964,64.0,7.294117647058823,20.632810937429834,0.0
383,1,0,0,0,0,1.0,https://profi.ru/profile/VladimirovIK3/,191.0,0,0.0,0,0,3,1,0,1.8333333333333333,,0.5012838399999999,1.0,0.0,0.0,0.0
384,0,1,0,0,0,18.0,https://profi.ru/profile/VlasenkoAY/,86.0,0,5.0,7,0,11,1,1,3.5833333333333335,2.0,0.5048274157142857,324.0,1.5272727272727271,10.39720770839918,0.0
385,1,0,1,0,0,10.0,https://profi.ru/profile/VoinovAA2/,116.0,1,5.0,14,0,3,1,1,7.166666666666667,5.0,0.50491752,100.0,1.714285714285714,13.54025100551105,0.0
386,0,1,1,0,0,7.0,https://profi.ru/profile/VolkovMV19/,108.0,1,4.97,150,0,30,1,1,7.583333333333333,2.0,0.50589185,49.0,17.47572815533981,24.935880788970174,0.0
387,0,1,0,0,0,16.0,https://profi.ru/profile/VorobyevMV22/,182.0,0,0.0,0,0,0,1,1,1.3333333333333333,2.0,0.50129603,256.0,0.0,0.0,0.0
388,1,0,0,1,0,12.0,https://profi.ru/profile/VoronovND/,97.0,1,5.0,12,0,0,1,1,4.166666666666667,4.5,0.5050622685714286,144.0,2.32258064516129,12.824746787307683,0.0
389,1,0,1,0,1,5.0,https://profi.ru/profile/VylegzhaninNA2/,116.0,1,5.0,1,0,6,1,1,5.166666666666667,5.0,0.50544979,25.0,0.16216216216216214,3.4657359027997265,5.166666666666667
390,0,0,0,0,0,15.0,https://profi.ru/profile/VylupkoPA/,114.0,1,5.0,2,0,4,1,0,1.5833333333333333,,0.50520366,225.0,0.7741935483870969,5.493061443340549,0.0
391,0,1,0,0,0,4.0,https://profi.ru/profile/YamaliyevaDM/,82.0,1,5.0,19,1,19,0,1,3.6666666666666665,4.0,0.5042122450000001,16.0,4.071428571428572,14.978661367769954,0.0
392,1,0,0,0,0,0.0,https://profi.ru/profile/YefremovaAV36/,139.0,0,0.0,0,0,0,0,0,0.16666666666666666,,0.50087612,0.0,0.0,0.0,0.0
393,1,0,1,0,1,3.0,https://profi.ru/profile/YelesinMA/,108.0,0,5.0,2,0,0,1,1,0.75,3.0,0.5059779,9.0,1.1428571428571428,5.493061443340549,0.75
394,0,1,1,0,1,28.0,https://profi.ru/profile/YeliseyevAA25/,122.0,1,4.43,7,0,3,1,1,1.8333333333333333,2.0,0.5047593442857142,784.0,2.4705882352941178,9.211926029641672,1.8333333333333333
395,0,1,1,0,1,5.0,https://profi.ru/profile/YepryntsevSG/,90.0,1,5.0,10,0,11,1,1,1.9166666666666667,5.0,0.50553205,25.0,3.4285714285714284,11.989476363991853,1.9166666666666667
396,1,0,0,0,0,8.0,https://profi.ru/profile/YerofeyevDV2/,22.0,1,5.0,55,0,14,1,1,1.5833333333333333,3.0,0.5062729450000001,64.0,21.290322580645164,20.12675845367575,0.0
397,1,0,0,0,0,15.0,https://profi.ru/profile/YevseyevVK/,136.0,0,5.0,10,0,3,1,0,1.6666666666666667,,0.504544254,225.0,3.7499999999999996,11.989476363991853,0.0
398,1,0,1,0,0,11.0,https://profi.ru/profile/YurchenkoYaV/,61.0,0,5.0,10,0,3,0,1,11.25,7.0,0.505240385,121.0,0.8163265306122449,11.989476363991853,0.0
399,0,1,0,0,0,10.0,https://profi.ru/profile/YurovAA18/,116.0,0,0.0,0,0,0,1,1,2.0,2.0,0.505,100.0,0.0,0.0,0.0
400,0,1,1,0,0,10.0,https://profi.ru/profile/YushinAV10/,155.0,0,5.0,2,0,8,1,0,2.5,,0.50482921,100.0,0.5714285714285714,5.493061443340549,0.0
401,1,0,1,0,1,10.0,https://profi.ru/profile/ZabirovaAR5/,118.0,1,0.0,0,0,24,0,1,5.5,5.0,0.5029743475,100.0,0.0,0.0,5.5
402,1,0,0,0,0,8.0,https://profi.ru/profile/ZakharovVV59/,97.0,0,0.0,0,0,4,1,1,0.9166666666666666,2.5,0.505660126,64.0,0.0,0.0,0.0
403,0,1,0,1,0,25.0,https://profi.ru/profile/ZazykinFA/,19.0,1,5.0,12,0,5,1,1,15.416666666666666,2.0,0.5061031349999999,625.0,0.7309644670050762,12.824746787307683,0.0
404,0,1,1,0,1,18.0,https://profi.ru/profile/ZharkovaMS2/,18.0,1,5.0,4,0,1,0,1,11.75,2.5,0.50480718,324.0,0.3137254901960784,8.047189562170502,11.75
405,1,0,0,0,0,5.0,https://profi.ru/profile/ZhidomorovDM/,93.0,1,5.0,18,0,0,1,1,5.5,3.0,0.505580905,25.0,2.769230769230769,14.722194895832201,0.0
406,1,0,0,0,0,18.0,https://profi.ru/profile/ZhigalinDA5/,184.0,0,0.0,0,0,9,1,1,1.25,2.5,0.5014199,324.0,0.0,0.0,0.0
407,1,0,0,1,0,5.0,https://profi.ru/profile/ZhirkovaVA10/,136.0,0,0.0,0,0,2,0,1,0.16666666666666666,3.0,0.5009433,25.0,0.0,0.0,0.0
408,1,0,0,0,0,13.0,https://profi.ru/profile/ZhuchkovaVS3/,136.0,0,0.0,0,0,0,0,0,0.75,,0.5001923,169.0,0.0,0.0,0.0
409,1,0,1,0,1,9.0,https://profi.ru/profile/ZhukovMA78/,103.0,1,0.0,0,0,3,1,0,0.08333333333333333,,0.5046111725,81.0,0.0,0.0,0.08333333333333333
410,0,1,1,0,1,4.0,https://profi.ru/profile/ZykovaDS2/,84.0,0,5.0,1,0,2,0,1,2.75,5.0,0.5047936171428571,16.0,0.26666666666666666,3.4657359027997265,2.75
411,1,0,1,0,0,18.0,https://profi.ru/profile/user5599460/,92.0,1,5.0,10,0,5,0,1,4.083333333333333,5.0,0.5043870485714286,324.0,1.9672131147540985,11.989476363991853,0.0
